-4.993720054626464844e-01,2.309169054031372070e+00,6.010393500328063965e-01,-9.445453882217407227e-01,-4.357836544513702393e-01,5.051854252815246582e-01,-1.563362404704093933e-02,6.262385845184326172e-01,-1.148288249969482422e+00,-1.178682446479797363e+00,-2.017058849334716797e+00,-1.594940066337585449e+00,-3.215066790580749512e-01,-8.708798289299011230e-01,-3.638115823268890381e-01,-5.037353634834289551e-01,-5.461560487747192383e-01,-8.286061882972717285e-01,-3.451536595821380615e-01,-1.367506027221679688e+00,-1.672780156135559082e+00,9.897280335426330566e-01,-9.960938692092895508e-01,7.177819013595581055e-01,-7.213519215583801270e-01,9.464299082756042480e-01,-7.995307445526123047e-02,-8.212038874626159668e-01,-6.280942559242248535e-01,-9.283715486526489258e-02,4.288265109062194824e-01,-4.556162953376770020e-01,1.506202518939971924e-01,-2.814969718456268311e-01,-6.686241030693054199e-01,1.027033850550651550e-02,-1.287092268466949463e-01,-8.752803206443786621e-01,-7.971107959747314453e-01,1.503067016601562500e+00,1.148165345191955566e+00,-5.672964453697204590e-01,-1.076701879501342773e-01,-3.298971354961395264e-01,1.658086061477661133e+00,1.530167758464813232e-01,4.454784095287322998e-01,1.073727309703826904e-01,4.250235557556152344e-01,-2.592165172100067139e-01,-2.702815532684326172e-01,1.858960270881652832e+00,1.898841738700866699e+00,1.940359592437744141e+00,1.898149013519287109e+00,-7.435062527656555176e-01,1.912251234054565430e+00
-4.977144300937652588e-01,2.323979377746582031e+00,3.361523151397705078e-01,-3.273636996746063232e-01,-2.977614700794219971e-01,4.965553879737854004e-01,-1.858051121234893799e-02,6.227662563323974609e-01,9.327750205993652344e-01,9.079830646514892578e-01,5.890308618545532227e-01,6.912623047828674316e-01,-2.342340052127838135e-01,-1.429739743471145630e-01,-2.232730388641357422e-01,-2.675900161266326904e-01,-5.375555753707885742e-01,-3.249458074569702148e-01,-2.231774330139160156e-01,-3.943631947040557861e-01,-5.287804007530212402e-01,-6.709561944007873535e-01,6.653715372085571289e-01,4.600629806518554688e-01,-4.513269066810607910e-01,9.237809181213378906e-01,2.385629117488861084e-01,6.221523135900497437e-02,8.241898417472839355e-01,4.462062120437622070e-01,2.067204117774963379e-01,-5.817812681198120117e-01,-4.167382121086120605e-01,-4.507137835025787354e-01,-1.015523076057434082e-01,-8.830286264419555664e-01,-1.080731153488159180e+00,-7.468614578247070312e-01,-7.585647106170654297e-01,-2.681322097778320312e-01,-7.000343203544616699e-01,-9.973121881484985352e-01,-4.955921769142150879e-01,-9.183468222618103027e-01,7.026077508926391602e-01,5.170871019363403320e-01,5.362454056739807129e-01,4.104166924953460693e-01,2.001459896564483643e-01,-2.607436776161193848e-01,-2.621230781078338623e-01,1.884626507759094238e+00,1.908913016319274902e+00,1.973123073577880859e+00,1.906438827514648438e+00,-7.332268953323364258e-01,1.913988947868347168e+00
-4.919447302818298340e-01,2.315193653106689453e+00,5.933756232261657715e-01,-9.382843971252441406e-01,-4.337820410728454590e-01,4.953618049621582031e-01,-1.844649203121662140e-02,6.208447217941284180e-01,-1.152241945266723633e+00,-1.162720799446105957e+00,-2.007209062576293945e+00,-1.589993715286254883e+00,-3.157195746898651123e-01,-8.871757984161376953e-01,-3.637371361255645752e-01,-5.076338052749633789e-01,-5.535908341407775879e-01,-8.354479074478149414e-01,-3.420611023902893066e-01,-1.321681141853332520e+00,-1.663324594497680664e+00,9.831537604331970215e-01,-1.004767060279846191e+00,7.159042358398437500e-01,-7.124884724617004395e-01,-1.008232310414314270e-02,1.084998965263366699e+00,1.348912715911865234e-01,4.380915462970733643e-01,3.067231774330139160e-01,8.673736453056335449e-01,5.900796055793762207e-01,7.624593377113342285e-01,-3.345692157745361328e-01,5.737895369529724121e-01,9.256011247634887695e-01,9.365807771682739258e-01,-7.108888626098632812e-01,-7.207015752792358398e-01,2.166474103927612305e+00,2.239182472229003906e+00,-7.972662448883056641e-01,2.437955141067504883e+00,-6.639407873153686523e-01,1.323216438293457031e+00,5.367463827133178711e-01,3.290375173091888428e-01,9.162234663963317871e-01,-4.412124156951904297e-01,-2.507269978523254395e-01,-2.610871791839599609e-01,1.831421613693237305e+00,1.857114315032958984e+00,1.925241827964782715e+00,1.878811955451965332e+00,-7.398692965507507324e-01,1.887443184852600098e+00
-4.955226480960845947e-01,2.336277961730957031e+00,5.100674033164978027e-01,-6.487523317337036133e-01,-3.662706315517425537e-01,4.987184405326843262e-01,-1.500035077333450317e-02,6.192188262939453125e-01,8.917546868324279785e-01,8.834745287895202637e-01,5.237779021263122559e-01,6.623417735099792480e-01,-2.715499103069305420e-01,-6.072016954421997070e-01,-2.908673584461212158e-01,-3.702058494091033936e-01,-5.329442024230957031e-01,-6.230084300041198730e-01,-2.938939034938812256e-01,-6.745094060897827148e-01,-9.195437431335449219e-01,6.479921936988830566e-01,-6.478202342987060547e-01,4.888747334480285645e-01,-4.878446757793426514e-01,6.833777427673339844e-01,5.954530835151672363e-01,-7.913931459188461304e-02,5.224239230155944824e-01,3.652036190032958984e-01,8.017870187759399414e-01,-2.207629084587097168e-01,1.498898714780807495e-01,-3.971518874168395996e-01,1.853422373533248901e-01,-2.461925894021987915e-01,-2.804248332977294922e-01,-7.429022789001464844e-01,-7.513447403907775879e-01,9.136729836463928223e-01,7.107336521148681641e-01,-8.693794608116149902e-01,6.242169737815856934e-01,-9.524829983711242676e-01,1.493314385414123535e+00,4.795503020286560059e-01,4.472051858901977539e-01,5.682629346847534180e-01,-1.920063346624374390e-01,-2.600641250610351562e-01,-2.619353532791137695e-01,1.878091454505920410e+00,1.916363716125488281e+00,1.987671136856079102e+00,1.912775993347167969e+00,-7.349091172218322754e-01,1.928650975227355957e+00
-5.104749798774719238e-01,2.346782684326171875e+00,4.130162000656127930e-01,-3.919702768325805664e-01,-3.202779591083526611e-01,5.089557766914367676e-01,-2.685715630650520325e-02,6.387612819671630859e-01,9.037330746650695801e-01,8.884783387184143066e-01,5.533800125122070312e-01,6.431822776794433594e-01,-2.713219821453094482e-01,-2.639075815677642822e-01,-2.596472501754760742e-01,-3.199335634708404541e-01,-5.445976257324218750e-01,-3.933643400669097900e-01,-2.653045654296875000e-01,-4.443826675415039062e-01,-7.156435251235961914e-01,2.803351879119873047e-01,-2.820673882961273193e-01,4.956424534320831299e-01,-5.038793683052062988e-01,6.915444731712341309e-01,9.448968768119812012e-01,-3.991356492042541504e-01,7.204751372337341309e-01,8.338382840156555176e-01,1.457992315292358398e+00,8.679509162902832031e-01,8.156923055648803711e-01,-7.604380249977111816e-01,8.078003525733947754e-01,1.742964982986450195e-01,5.595591664314270020e-02,-3.407647609710693359e-01,-4.064601659774780273e-01,9.402320384979248047e-01,7.405406832695007324e-01,-1.121384143829345703e+00,-5.869647264480590820e-01,5.494021773338317871e-01,4.900648593902587891e-01,6.338671445846557617e-01,6.439625620841979980e-01,3.027028143405914307e-01,1.035518527030944824e+00,-2.640199959278106689e-01,-2.526216208934783936e-01,1.898950099945068359e+00,1.948700428009033203e+00,2.019572019577026367e+00,1.925025463104248047e+00,-7.286595702171325684e-01,1.933181405067443848e+00
-5.039643645286560059e-01,2.337299108505249023e+00,3.265994489192962646e-01,-3.773317933082580566e-01,-3.178204298019409180e-01,4.954138994216918945e-01,-2.294915914535522461e-02,6.150708198547363281e-01,9.426763653755187988e-01,9.201294183731079102e-01,5.954990983009338379e-01,7.035546898841857910e-01,-2.277718782424926758e-01,-2.087191939353942871e-01,-2.208118736743927002e-01,-2.674673199653625488e-01,-5.356389880180358887e-01,-3.722147643566131592e-01,-2.220571637153625488e-01,-4.074118137359619141e-01,-5.622439980506896973e-01,-4.406606554985046387e-01,4.383971989154815674e-01,4.375633597373962402e-01,-4.508308470249176025e-01,9.909579753875732422e-01,3.949345946311950684e-01,1.359659433364868164e-02,8.643410801887512207e-01,5.530247092247009277e-01,4.970933794975280762e-01,-6.415512561798095703e-01,-4.609254896640777588e-01,-4.962318837642669678e-01,8.992774784564971924e-02,-1.035399913787841797e+00,-1.102405786514282227e+00,-7.952730059623718262e-01,-8.036750555038452148e-01,-4.819013476371765137e-01,-6.289601922035217285e-01,-9.897261261940002441e-01,-4.832565784454345703e-01,-1.156528949737548828e+00,1.182836055755615234e+00,5.049111247062683105e-01,5.317246317863464355e-01,3.565384447574615479e-01,-9.115357697010040283e-02,-2.589724957942962646e-01,-2.651135921478271484e-01,1.890530109405517578e+00,1.914072632789611816e+00,1.992919683456420898e+00,1.913712143898010254e+00,-7.318730354309082031e-01,1.923902750015258789e+00
-5.045031905174255371e-01,2.334035158157348633e+00,2.760166823863983154e-01,-2.508596777915954590e-01,-3.024582862854003906e-01,5.041726827621459961e-01,-1.561043970286846161e-02,6.290808916091918945e-01,8.310596942901611328e-01,8.358023762702941895e-01,4.799224734306335449e-01,5.792637467384338379e-01,-2.267399132251739502e-01,9.658960998058319092e-02,-2.123102247714996338e-01,-2.453988492488861084e-01,-5.445312261581420898e-01,-1.906874775886535645e-01,-2.369871735572814941e-01,-1.562496125698089600e-01,-1.770304441452026367e-01,-1.132860660552978516e+00,1.126312851905822754e+00,5.255953073501586914e-01,-5.321512222290039062e-01,5.741209983825683594e-01,4.829907417297363281e-01,-6.373515129089355469e-01,-2.594220042228698730e-01,1.994366198778152466e-01,8.625028729438781738e-01,-1.196211650967597961e-01,3.442893922328948975e-01,-1.888651102781295776e-01,4.668276011943817139e-02,1.784837126731872559e+00,1.674880623817443848e+00,1.454554080963134766e+00,1.444321393966674805e+00,1.745705127716064453e+00,1.557435393333435059e+00,-8.491953015327453613e-01,-6.253946423530578613e-01,-7.184305787086486816e-02,1.016493916511535645e+00,4.554595947265625000e-01,8.587113022804260254e-01,6.615055799484252930e-01,1.266224503517150879e+00,-2.629149556159973145e-01,-2.374745160341262817e-01,1.910959482192993164e+00,1.938907623291015625e+00,2.009990930557250977e+00,1.930201172828674316e+00,-7.315750718116760254e-01,1.931318283081054688e+00
-4.938313663005828857e-01,2.307495832443237305e+00,5.925599336624145508e-01,-8.679219484329223633e-01,-4.035772681236267090e-01,4.855269193649291992e-01,-2.483660914003849030e-02,6.188919544219970703e-01,-4.188897013664245605e-01,-4.199683964252471924e-01,-1.101161241531372070e+00,-7.666281461715698242e-01,-3.217234909534454346e-01,-8.250278234481811523e-01,-3.653791546821594238e-01,-4.797525107860565186e-01,-5.571345090866088867e-01,-7.900680303573608398e-01,-3.415808081626892090e-01,-1.167496323585510254e+00,-1.454852104187011719e+00,9.993481040000915527e-01,-1.005751848220825195e+00,6.401737928390502930e-01,-6.403123736381530762e-01,8.040401339530944824e-01,1.506506055593490601e-01,-5.866894125938415527e-01,-2.906162440776824951e-01,1.684337109327316284e-02,5.497069954872131348e-01,-3.091089129447937012e-01,2.654438316822052002e-01,-2.948628962039947510e-01,-4.120843410491943359e-01,5.591217428445816040e-02,-6.819608807563781738e-02,-7.971975207328796387e-01,-7.528104782104492188e-01,1.586665391921997070e+00,1.220272898674011230e+00,-6.355651021003723145e-01,2.934527397155761719e-01,-4.547161459922790527e-01,1.603052616119384766e+00,2.711160182952880859e-01,4.238442480564117432e-01,2.834318578243255615e-01,2.509619593620300293e-01,-2.569609284400939941e-01,-2.542753517627716064e-01,1.867045164108276367e+00,1.866747021675109863e+00,1.962617754936218262e+00,1.899581670761108398e+00,-7.389701008796691895e-01,1.907844424247741699e+00
-5.016553401947021484e-01,2.320104360580444336e+00,3.481324315071105957e-01,-2.302941232919692993e-01,-2.969340980052947998e-01,5.011254549026489258e-01,-2.354856394231319427e-02,6.236555576324462891e-01,9.084667563438415527e-01,9.113848209381103516e-01,5.505088567733764648e-01,6.776335835456848145e-01,-2.282056808471679688e-01,-1.854022592306137085e-02,-2.090456187725067139e-01,-2.485159635543823242e-01,-5.308838486671447754e-01,-2.321151793003082275e-01,-2.201876938343048096e-01,-3.864640593528747559e-01,-4.969057738780975342e-01,-1.130038976669311523e+00,1.141137599945068359e+00,4.821106493473052979e-01,-4.896817803382873535e-01,7.826115489006042480e-01,-3.841143473982810974e-02,1.310354769229888916e-01,7.202483415603637695e-01,2.052665501832962036e-01,-3.090864717960357666e-01,-3.553547859191894531e-01,-1.958089619874954224e-01,-4.038301110267639160e-01,-4.765697121620178223e-01,-4.359318912029266357e-01,-9.590184092521667480e-01,-6.020861268043518066e-01,-6.413846015930175781e-01,4.107720255851745605e-01,-7.109375000000000000e-01,-1.073734045028686523e+00,-4.890925288200378418e-01,-3.325088918209075928e-01,-4.136127531528472900e-01,5.204581618309020996e-01,5.768060088157653809e-01,5.488008260726928711e-01,9.424360394477844238e-01,-2.628873288631439209e-01,-2.659053504467010498e-01,1.875019311904907227e+00,1.918625950813293457e+00,1.987719297409057617e+00,1.911446690559387207e+00,-7.336413264274597168e-01,1.921674489974975586e+00
-4.939558207988739014e-01,2.304829120635986328e+00,2.771936058998107910e-01,-2.416734248399734497e-01,-2.993043363094329834e-01,4.846900701522827148e-01,-2.154667489230632782e-02,6.178767681121826172e-01,9.361515641212463379e-01,9.242779612541198730e-01,5.798935294151306152e-01,6.974582672119140625e-01,-2.363149523735046387e-01,5.339008569717407227e-02,-2.269746661186218262e-01,-2.547743916511535645e-01,-5.368161201477050781e-01,-2.046122550964355469e-01,-2.327849566936492920e-01,-1.698709279298782349e-01,-1.834942549467086792e-01,-9.838224053382873535e-01,1.009456276893615723e+00,5.316096544265747070e-01,-5.185261368751525879e-01,4.693078994750976562e-01,1.040429592132568359e+00,-6.095917820930480957e-01,4.496044814586639404e-01,7.574104070663452148e-01,1.346909999847412109e+00,8.949526548385620117e-01,8.171580433845520020e-01,-6.623053550720214844e-01,8.246735930442810059e-01,1.396400094032287598e+00,1.381791472434997559e+00,9.546790719032287598e-01,9.035517573356628418e-01,1.531805157661437988e+00,1.599286794662475586e+00,-1.096020340919494629e+00,-6.004480123519897461e-01,6.969259977340698242e-01,5.670797824859619141e-01,6.865373253822326660e-01,7.995378375053405762e-01,5.468425750732421875e-01,1.188295006752014160e+00,-2.480556070804595947e-01,-2.439266145229339600e-01,1.867181301116943359e+00,1.923104166984558105e+00,1.971201539039611816e+00,1.908606767654418945e+00,-7.342699766159057617e-01,1.892854332923889160e+00
-5.079085230827331543e-01,2.347652912139892578e+00,3.842734396457672119e-01,-3.459784984588623047e-01,-3.202621042728424072e-01,5.030398964881896973e-01,-2.455706894397735596e-02,6.276935338973999023e-01,9.166219830513000488e-01,8.986435532569885254e-01,5.612735152244567871e-01,6.690253615379333496e-01,-2.545602619647979736e-01,-1.970134675502777100e-01,-2.473055422306060791e-01,-2.993295490741729736e-01,-5.410074591636657715e-01,-3.506317436695098877e-01,-2.517743706703186035e-01,-4.376872777938842773e-01,-6.603301167488098145e-01,-4.816867411136627197e-03,1.433994621038436890e-03,4.893434047698974609e-01,-4.957503676414489746e-01,7.074594497680664062e-01,7.974686026573181152e-01,-2.844159007072448730e-01,7.568942904472351074e-01,7.407234311103820801e-01,1.190825462341308594e+00,6.821832060813903809e-01,6.756620407104492188e-01,-7.151915431022644043e-01,6.138587594032287598e-01,8.338581770658493042e-02,-1.329763680696487427e-01,-3.870259523391723633e-01,-4.584698975086212158e-01,8.400093913078308105e-01,4.620607197284698486e-01,-1.133473753929138184e+00,-5.775617361068725586e-01,4.208129942417144775e-01,2.332646399736404419e-01,6.228603720664978027e-01,6.393173933029174805e-01,3.565209507942199707e-01,1.046384692192077637e+00,-2.615998387336730957e-01,-2.510832548141479492e-01,1.898644685745239258e+00,1.942046523094177246e+00,2.011301994323730469e+00,1.929716587066650391e+00,-7.301781177520751953e-01,1.938217282295227051e+00
-5.013703107833862305e-01,2.348599433898925781e+00,3.274986445903778076e-01,-2.481177300214767456e-01,-3.186248540878295898e-01,4.877905249595642090e-01,-1.936914771795272827e-02,6.051659584045410156e-01,9.399154186248779297e-01,9.172688722610473633e-01,5.774425268173217773e-01,7.188735008239746094e-01,-2.203438282012939453e-01,-5.459007993340492249e-02,-2.206226885318756104e-01,-2.548226118087768555e-01,-5.317750573158264160e-01,-2.591979205608367920e-01,-2.241971194744110107e-01,-4.219157695770263672e-01,-5.432880520820617676e-01,-6.165580749511718750e-01,6.073916554450988770e-01,4.752221107482910156e-01,-4.785653352737426758e-01,7.376556992530822754e-01,4.802183508872985840e-01,-4.317160323262214661e-02,8.255422115325927734e-01,5.368848443031311035e-01,6.137952804565429688e-01,2.873548865318298340e-01,3.760203421115875244e-01,-6.160719394683837891e-01,1.919104307889938354e-01,-1.095199361443519592e-01,-5.345895290374755859e-01,-4.848082959651947021e-01,-5.664956569671630859e-01,6.345560550689697266e-01,-1.300196349620819092e-01,-1.153751015663146973e+00,-5.570861697196960449e-01,1.538580209016799927e-01,-3.113009333610534668e-01,5.978507995605468750e-01,6.293681263923645020e-01,4.723525643348693848e-01,1.074234962463378906e+00,-2.575277686119079590e-01,-2.483510226011276245e-01,1.896851778030395508e+00,1.925330042839050293e+00,1.990965843200683594e+00,1.937576651573181152e+00,-7.317647933959960938e-01,1.948167204856872559e+00
-5.063447356224060059e-01,2.347142696380615234e+00,4.028999805450439453e-01,-3.933999538421630859e-01,-3.067434132099151611e-01,5.065329670906066895e-01,-2.320664376020431519e-02,6.315068006515502930e-01,8.668778538703918457e-01,8.611623048782348633e-01,5.125306844711303711e-01,6.051016449928283691e-01,-2.712111175060272217e-01,-2.671517133712768555e-01,-2.557058930397033691e-01,-3.153955042362213135e-01,-5.356898307800292969e-01,-4.019054472446441650e-01,-2.720759212970733643e-01,-4.207795262336730957e-01,-7.007277607917785645e-01,2.896983027458190918e-01,-2.792943716049194336e-01,4.995372891426086426e-01,-5.180660486221313477e-01,6.765499711036682129e-01,1.020229935646057129e+00,-5.104705691337585449e-01,6.480538249015808105e-01,8.628585934638977051e-01,1.574270129203796387e+00,9.595248699188232422e-01,8.920894265174865723e-01,-7.835990786552429199e-01,8.781602978706359863e-01,3.293110132217407227e-01,2.577325105667114258e-01,-1.979601085186004639e-01,-2.589288651943206787e-01,1.038117885589599609e+00,9.406268596649169922e-01,-1.112214684486389160e+00,-6.476416587829589844e-01,6.665626764297485352e-01,6.007834672927856445e-01,6.448771357536315918e-01,6.552619338035583496e-01,2.829509079456329346e-01,1.073470830917358398e+00,-2.593712806701660156e-01,-2.583680152893066406e-01,1.903450250625610352e+00,1.939076066017150879e+00,2.021030664443969727e+00,1.914192676544189453e+00,-7.412932515144348145e-01,1.920338273048400879e+00
-4.939434826374053955e-01,2.304035425186157227e+00,2.762856781482696533e-01,-2.418265044689178467e-01,-2.991564571857452393e-01,4.845581650733947754e-01,-2.176865190267562866e-02,6.177234649658203125e-01,9.352206587791442871e-01,9.249980449676513672e-01,5.803213715553283691e-01,6.968731880187988281e-01,-2.362410426139831543e-01,5.652514100074768066e-02,-2.263681590557098389e-01,-2.545575201511383057e-01,-5.371174812316894531e-01,-2.028345167636871338e-01,-2.337059378623962402e-01,-1.669843494892120361e-01,-1.787310540676116943e-01,-9.986156821250915527e-01,1.023997306823730469e+00,5.323851108551025391e-01,-5.172271728515625000e-01,4.671279191970825195e-01,1.039089679718017578e+00,-6.095072031021118164e-01,4.443732202053070068e-01,7.554906606674194336e-01,1.342472553253173828e+00,8.932619094848632812e-01,8.155660629272460938e-01,-6.607341766357421875e-01,8.227134943008422852e-01,1.409322857856750488e+00,1.395880341529846191e+00,9.678673744201660156e-01,9.161902666091918945e-01,1.540153384208679199e+00,1.607913374900817871e+00,-1.094163775444030762e+00,-6.000672578811645508e-01,6.971025466918945312e-01,5.672728419303894043e-01,6.867945194244384766e-01,8.020219802856445312e-01,5.488962531089782715e-01,1.191255688667297363e+00,-2.483246624469757080e-01,-2.430440634489059448e-01,1.866245031356811523e+00,1.923712491989135742e+00,1.970130324363708496e+00,1.908980369567871094e+00,-7.335074543952941895e-01,1.892739176750183105e+00
-4.983521401882171631e-01,2.340163469314575195e+00,3.311535120010375977e-01,-2.203343659639358521e-01,-3.056123256683349609e-01,4.945445656776428223e-01,-2.569062821567058563e-02,6.098238229751586914e-01,9.334455132484436035e-01,9.251263737678527832e-01,5.789822340011596680e-01,7.225666642189025879e-01,-2.198514044284820557e-01,-5.358338356018066406e-03,-2.051529586315155029e-01,-2.359381020069122314e-01,-5.270499587059020996e-01,-2.238473296165466309e-01,-2.174080014228820801e-01,-4.028075337409973145e-01,-5.044447183609008789e-01,-8.983163833618164062e-01,8.985377550125122070e-01,4.754350483417510986e-01,-4.776209890842437744e-01,7.579591274261474609e-01,2.440201640129089355e-01,6.242172420024871826e-02,8.047593832015991211e-01,3.817250728607177734e-01,1.974447071552276611e-01,6.189703941345214844e-03,1.535686999559402466e-01,-5.271561145782470703e-01,-1.149528175592422485e-01,-2.362020611763000488e-01,-7.554062604904174805e-01,-5.399717688560485840e-01,-6.099048852920532227e-01,5.530260205268859863e-01,-4.331567585468292236e-01,-1.145297288894653320e+00,-5.250734090805053711e-01,-3.700701519846916199e-02,-4.958176314830780029e-01,5.729657411575317383e-01,6.173226237297058105e-01,5.228271484375000000e-01,1.065572142601013184e+00,-2.586949169635772705e-01,-2.543177902698516846e-01,1.893018484115600586e+00,1.926436305046081543e+00,1.996911764144897461e+00,1.930992245674133301e+00,-7.396295070648193359e-01,1.946135640144348145e+00
-4.869024157524108887e-01,2.349371910095214844e+00,4.684526920318603516e-01,-5.769162178039550781e-01,-3.542606234550476074e-01,4.969177246093750000e-01,-1.799667999148368835e-02,6.160223484039306641e-01,9.115607142448425293e-01,9.190541505813598633e-01,5.602487325668334961e-01,6.880647540092468262e-01,-2.503115236759185791e-01,-5.113856196403503418e-01,-2.637059092521667480e-01,-3.481043279170989990e-01,-5.214794874191284180e-01,-5.587069988250732422e-01,-2.795825004577636719e-01,-6.017878055572509766e-01,-8.295539021492004395e-01,4.203255772590637207e-01,-4.181917309761047363e-01,4.755209982395172119e-01,-4.807513058185577393e-01,8.160035014152526855e-01,5.118372440338134766e-01,-1.109680235385894775e-01,5.740994215011596680e-01,4.188900589942932129e-01,7.573651075363159180e-01,-3.691304922103881836e-01,-3.666147589683532715e-02,-4.340110123157501221e-01,1.314895004034042358e-01,-5.222407579421997070e-01,-5.729410648345947266e-01,-7.718723416328430176e-01,-7.720813751220703125e-01,4.514278173446655273e-01,2.725463509559631348e-01,-9.059327840805053711e-01,2.145162671804428101e-01,-9.906581044197082520e-01,1.454036831855773926e+00,4.690324068069458008e-01,4.830259680747985840e-01,4.612899720668792725e-01,-1.408302634954452515e-01,-2.621088027954101562e-01,-2.598882913589477539e-01,1.884592533111572266e+00,1.938327670097351074e+00,1.995201349258422852e+00,1.916148066520690918e+00,-7.328270673751831055e-01,1.926795482635498047e+00
-4.958930313587188721e-01,2.307894229888916016e+00,3.156617581844329834e-01,-2.986651659011840820e-01,-3.118494451045989990e-01,4.919676780700683594e-01,-1.741952076554298401e-02,6.179981231689453125e-01,8.681061267852783203e-01,8.478014469146728516e-01,4.818517863750457764e-01,6.061473488807678223e-01,-2.487004697322845459e-01,7.060755789279937744e-02,-2.367574870586395264e-01,-2.502749562263488770e-01,-5.319529175758361816e-01,-2.228900194168090820e-01,-2.577983140945434570e-01,-3.809509575366973877e-01,-5.204781293869018555e-01,3.272310495376586914e-01,-3.075825572013854980e-01,5.470207929611206055e-01,-5.263624787330627441e-01,5.061190724372863770e-01,6.232730150222778320e-01,-7.784262895584106445e-01,-3.874518275260925293e-01,2.206460386514663696e-01,1.107788324356079102e+00,-1.298955082893371582e-01,4.478732347488403320e-01,-1.385305076837539673e-01,2.267368584871292114e-01,1.838372230529785156e+00,1.712864279747009277e+00,1.572536706924438477e+00,1.550741314888000488e+00,1.837985873222351074e+00,1.928059816360473633e+00,-7.894635796546936035e-01,-3.453088998794555664e-01,-2.071535736322402954e-01,1.318787693977355957e+00,4.615368247032165527e-01,8.531147837638854980e-01,6.912091970443725586e-01,1.161658763885498047e+00,-2.643291056156158447e-01,-2.209409922361373901e-01,1.880814671516418457e+00,1.942109823226928711e+00,1.991265296936035156e+00,1.910596847534179688e+00,-7.199335694313049316e-01,1.902696490287780762e+00
-4.977682530879974365e-01,2.326007604598999023e+00,3.347939848899841309e-01,-3.453672826290130615e-01,-2.971286475658416748e-01,4.969838857650756836e-01,-1.760071888566017151e-02,6.213722229003906250e-01,9.368776679039001465e-01,9.101876616477966309e-01,5.970610380172729492e-01,6.974864006042480469e-01,-2.353122532367706299e-01,-1.647570729255676270e-01,-2.257849574089050293e-01,-2.701242268085479736e-01,-5.382690429687500000e-01,-3.400830924510955811e-01,-2.232620120048522949e-01,-3.954685628414154053e-01,-5.349197983741760254e-01,-5.681058764457702637e-01,5.573343634605407715e-01,4.549286067485809326e-01,-4.436661303043365479e-01,9.500895738601684570e-01,3.087545335292816162e-01,4.600449651479721069e-02,8.504155278205871582e-01,5.010749101638793945e-01,3.396624028682708740e-01,-5.996096730232238770e-01,-4.342875778675079346e-01,-4.665105044841766357e-01,-6.330661475658416748e-03,-9.559489488601684570e-01,-1.091166138648986816e+00,-7.705667018890380859e-01,-7.812334895133972168e-01,-3.859912157058715820e-01,-6.786758303642272949e-01,-9.876956343650817871e-01,-4.936709105968475342e-01,-1.014579296112060547e+00,9.089921712875366211e-01,5.203352570533752441e-01,5.309059619903564453e-01,3.856530189514160156e-01,6.630270183086395264e-02,-2.605926990509033203e-01,-2.622111737728118896e-01,1.886995077133178711e+00,1.904887318611145020e+00,1.971642017364501953e+00,1.905818581581115723e+00,-7.332458496093750000e-01,1.913850188255310059e+00
-4.963082671165466309e-01,2.309364795684814453e+00,3.191868662834167480e-01,-3.018970489501953125e-01,-3.136578202247619629e-01,4.941608309745788574e-01,-1.655209250748157501e-02,6.183327436447143555e-01,8.680241107940673828e-01,8.481882214546203613e-01,4.802260696887969971e-01,6.067215800285339355e-01,-2.504479587078094482e-01,6.949568539857864380e-02,-2.381648123264312744e-01,-2.519173622131347656e-01,-5.336483716964721680e-01,-2.241835594177246094e-01,-2.607822120189666748e-01,-3.909092247486114502e-01,-5.316236019134521484e-01,3.696935772895812988e-01,-3.530987203121185303e-01,5.486361980438232422e-01,-5.255264639854431152e-01,5.066170096397399902e-01,6.262362003326416016e-01,-7.830718755722045898e-01,-3.912501931190490723e-01,2.229529470205307007e-01,1.116756677627563477e+00,-1.276644617319107056e-01,4.521680474281311035e-01,-1.383991837501525879e-01,2.307278960943222046e-01,1.841221094131469727e+00,1.713381409645080566e+00,1.575256347656250000e+00,1.553426265716552734e+00,1.846193790435791016e+00,1.943539857864379883e+00,-7.897971272468566895e-01,-3.406109511852264404e-01,-2.051734477281570435e-01,1.321459054946899414e+00,4.626114368438720703e-01,8.565842509269714355e-01,6.929170489311218262e-01,1.163479685783386230e+00,-2.678859233856201172e-01,-2.202265113592147827e-01,1.883121490478515625e+00,1.943548917770385742e+00,1.994282960891723633e+00,1.913293600082397461e+00,-7.196653485298156738e-01,1.905325531959533691e+00
-4.914439916610717773e-01,2.308321237564086914e+00,5.933312773704528809e-01,-8.881509304046630859e-01,-4.080811738967895508e-01,4.831012487411499023e-01,-2.724429219961166382e-02,6.168957948684692383e-01,-6.997925043106079102e-01,-6.926895976066589355e-01,-1.446321725845336914e+00,-1.071516394615173340e+00,-3.250938355922698975e-01,-8.370551466941833496e-01,-3.716020882129669189e-01,-4.938169717788696289e-01,-5.590430498123168945e-01,-8.030779361724853516e-01,-3.474161624908447266e-01,-1.248663306236267090e+00,-1.538878202438354492e+00,9.902878403663635254e-01,-9.974281787872314453e-01,6.702066659927368164e-01,-6.706718802452087402e-01,8.906461596488952637e-01,1.066430658102035522e-02,-7.164376974105834961e-01,-4.564751684665679932e-01,-4.278030619025230408e-02,4.731592535972595215e-01,-3.971896767616271973e-01,2.128579616546630859e-01,-2.861057519912719727e-01,-5.744003653526306152e-01,8.167914114892482758e-03,-1.422232538461685181e-01,-8.239219188690185547e-01,-7.639302015304565430e-01,1.550176262855529785e+00,1.154330134391784668e+00,-5.963805913925170898e-01,4.608285054564476013e-02,-3.608799576759338379e-01,1.614627242088317871e+00,2.180990576744079590e-01,4.334259927272796631e-01,1.739015728235244751e-01,3.729794025421142578e-01,-2.577161788940429688e-01,-2.516878545284271240e-01,1.867016553878784180e+00,1.865172743797302246e+00,1.960865855216979980e+00,1.899208307266235352e+00,-7.394817471504211426e-01,1.903310656547546387e+00
-5.025060772895812988e-01,2.304498195648193359e+00,5.897568464279174805e-01,-7.944203615188598633e-01,-3.872126936912536621e-01,4.943400025367736816e-01,-1.608852297067642212e-02,6.261450052261352539e-01,6.017507314682006836e-01,5.709441304206848145e-01,1.529543846845626831e-01,3.411612808704376221e-01,-3.094779849052429199e-01,-7.813280820846557617e-01,-3.427684605121612549e-01,-4.286502599716186523e-01,-5.501992702484130859e-01,-7.427968382835388184e-01,-3.203788697719573975e-01,-8.725820779800415039e-01,-1.149548411369323730e+00,1.032270550727844238e+00,-1.035995602607727051e+00,5.310516357421875000e-01,-5.300031900405883789e-01,4.893630743026733398e-01,6.592815518379211426e-01,-1.152577251195907593e-01,3.120204806327819824e-01,2.334820181131362915e-01,8.278369903564453125e-01,1.092724502086639404e-02,4.565107524394989014e-01,-3.266817927360534668e-01,1.776793748140335083e-01,2.293875515460968018e-01,2.007763683795928955e-01,-7.000957131385803223e-01,-7.124074697494506836e-01,1.719245314598083496e+00,1.459870219230651855e+00,-7.779390215873718262e-01,1.192253708839416504e+00,-7.956627011299133301e-01,1.560996770858764648e+00,4.637491106986999512e-01,3.890295326709747314e-01,6.814026832580566406e-01,-1.923795789480209351e-01,-2.542168200016021729e-01,-2.636771500110626221e-01,1.867148160934448242e+00,1.872467756271362305e+00,1.968982219696044922e+00,1.900939345359802246e+00,-7.371105551719665527e-01,1.924317479133605957e+00
