-5.100585818290710449e-01,2.332981348037719727e+00,2.967891991138458252e-01,-2.836226522922515869e-01,-2.946337163448333740e-01,5.132608413696289062e-01,-1.316005736589431763e-02,6.444166898727416992e-01,8.354433774948120117e-01,8.465110659599304199e-01,4.458829760551452637e-01,6.010543107986450195e-01,-2.298143357038497925e-01,1.083896309137344360e-01,-2.292203903198242188e-01,-2.448780089616775513e-01,-5.341454744338989258e-01,-2.514854371547698975e-01,-2.022328078746795654e-01,-7.341834157705307007e-02,-1.084685176610946655e-01,-1.319000840187072754e+00,1.324823975563049316e+00,5.397703647613525391e-01,-5.392666459083557129e-01,5.041760206222534180e-01,7.515090703964233398e-01,-6.066940426826477051e-01,1.600183546543121338e-02,4.359486699104309082e-01,1.187951564788818359e+00,2.161582410335540771e-01,5.358609557151794434e-01,-3.042968511581420898e-01,3.959498405456542969e-01,1.815440773963928223e+00,1.758285284042358398e+00,1.501243472099304199e+00,1.480792760848999023e+00,1.737531781196594238e+00,1.629053235054016113e+00,-9.040935635566711426e-01,-5.865684747695922852e-01,1.595901548862457275e-01,7.832942008972167969e-01,5.357598066329956055e-01,8.105256557464599609e-01,6.744579672813415527e-01,1.155316472053527832e+00,-2.557868063449859619e-01,-2.569729983806610107e-01,1.887515902519226074e+00,1.911799669265747070e+00,1.985630393028259277e+00,1.937942266464233398e+00,-7.248213291168212891e-01,1.914460420608520508e+00
-5.424876809120178223e-01,2.141451835632324219e+00,3.399953544139862061e-01,-2.771948575973510742e-01,-3.091636598110198975e-01,4.750960469245910645e-01,-2.510372549295425415e-03,6.465805768966674805e-01,7.601994276046752930e-01,7.793598771095275879e-01,4.190637767314910889e-01,5.639252066612243652e-01,-2.302532345056533813e-01,-5.477814748883247375e-02,-1.977214068174362183e-01,-2.104947268962860107e-01,-4.515726268291473389e-01,-2.429479509592056274e-01,-2.449135631322860718e-01,-3.150110244750976562e-01,-4.918547272682189941e-01,-1.123608946800231934e+00,1.221885800361633301e+00,4.605249166488647461e-01,-5.186868309974670410e-01,8.428424596786499023e-01,-1.854257583618164062e-01,1.234205663204193115e-01,7.542172074317932129e-01,2.133699655532836914e-01,-7.483967542648315430e-01,-3.772995471954345703e-01,-2.645942568778991699e-01,-3.838188648223876953e-01,-5.549312233924865723e-01,-4.499789178371429443e-01,-1.019341945648193359e+00,-6.974199414253234863e-01,-6.035295724868774414e-01,4.634876549243927002e-01,-6.346105337142944336e-01,-1.013608694076538086e+00,-6.005259156227111816e-01,-2.543683052062988281e-01,-3.751621842384338379e-01,3.709144592285156250e-01,4.930157661437988281e-01,4.966974556446075439e-01,8.948887586593627930e-01,-2.130106091499328613e-01,-2.709509432315826416e-01,1.713590145111083984e+00,1.808864712715148926e+00,1.843511462211608887e+00,1.817128539085388184e+00,-6.976654529571533203e-01,1.867038130760192871e+00
-4.595625400543212891e-01,2.173599243164062500e+00,3.667460381984710693e-01,-3.869588375091552734e-01,-3.345875442028045654e-01,4.747706055641174316e-01,-9.068664163351058960e-03,5.967214703559875488e-01,7.849566340446472168e-01,7.972760200500488281e-01,5.073373317718505859e-01,5.958628654479980469e-01,-2.647630572319030762e-01,-1.834520548582077026e-01,-2.264862656593322754e-01,-2.574100196361541748e-01,-5.545693039894104004e-01,-3.495123982429504395e-01,-2.225069403648376465e-01,-3.614363074302673340e-01,-5.364511013031005859e-01,-3.733263909816741943e-01,3.259397447109222412e-01,4.629080891609191895e-01,-4.658063054084777832e-01,6.139639616012573242e-01,8.774755001068115234e-01,-3.612588942050933838e-01,6.335072517395019531e-01,7.645280361175537109e-01,1.323657989501953125e+00,9.579413533210754395e-01,8.337430357933044434e-01,-7.014845609664916992e-01,7.132459878921508789e-01,3.477240502834320068e-01,1.050399243831634521e-01,-1.566250175237655640e-01,-1.807584762573242188e-01,1.067133784294128418e+00,7.897640466690063477e-01,-1.059577822685241699e+00,-6.285654902458190918e-01,7.849192023277282715e-01,6.545537710189819336e-02,5.686383247375488281e-01,5.837367177009582520e-01,3.238608837127685547e-01,1.141574978828430176e+00,-2.485055327415466309e-01,-2.237830460071563721e-01,1.759357571601867676e+00,1.807215452194213867e+00,1.840887069702148438e+00,1.774032711982727051e+00,-6.868461966514587402e-01,1.828402400016784668e+00
-4.781396090984344482e-01,2.147810697555541992e+00,3.318218588829040527e-01,-3.161413967609405518e-01,-2.944288849830627441e-01,4.617174267768859863e-01,-1.748896762728691101e-02,5.739748477935791016e-01,8.048076033592224121e-01,8.235446214675903320e-01,4.810961782932281494e-01,6.459424495697021484e-01,-2.026115953922271729e-01,-5.765927955508232117e-02,-2.166940867900848389e-01,-2.707397341728210449e-01,-4.987255632877349854e-01,-3.003404736518859863e-01,-2.112721055746078491e-01,-2.507864832878112793e-01,-3.704987168312072754e-01,-2.764369845390319824e-01,3.157939314842224121e-01,5.033856630325317383e-01,-5.048927664756774902e-01,5.595441460609436035e-01,7.121307849884033203e-01,-6.547482609748840332e-01,7.764258235692977905e-02,4.958609640598297119e-01,1.147145509719848633e+00,3.566048145294189453e-01,5.773953199386596680e-01,-4.008066654205322266e-01,4.752830564975738525e-01,1.231339931488037109e+00,1.165606617927551270e+00,8.608902692794799805e-01,8.214126229286193848e-01,1.415201783180236816e+00,1.477313756942749023e+00,-8.624173402786254883e-01,-5.655583143234252930e-01,2.664213776588439941e-01,9.956448674201965332e-01,4.547019600868225098e-01,6.924322843551635742e-01,4.525654613971710205e-01,1.105213999748229980e+00,-2.381044924259185791e-01,-2.373325526714324951e-01,1.761694073677062988e+00,1.778307080268859863e+00,1.849992275238037109e+00,1.821561336517333984e+00,-6.520690917968750000e-01,1.763189196586608887e+00
-5.103181004524230957e-01,2.310301303863525391e+00,5.610294342041015625e-01,-7.213811278343200684e-01,-3.574796915054321289e-01,4.745336771011352539e-01,-2.896397188305854797e-02,6.044275760650634766e-01,7.521736025810241699e-01,6.957212686538696289e-01,2.462036013603210449e-01,3.708933889865875244e-01,-2.680941224098205566e-01,-6.482602357864379883e-01,-3.023375272750854492e-01,-3.773992061614990234e-01,-5.835901498794555664e-01,-7.027314901351928711e-01,-2.867697477340698242e-01,-7.170529365539550781e-01,-9.366471767425537109e-01,7.411593198776245117e-01,-7.051751017570495605e-01,5.505083799362182617e-01,-5.107288360595703125e-01,8.280421793460845947e-02,1.282578825950622559e+00,4.151282012462615967e-01,9.982215762138366699e-01,5.874863862991333008e-01,1.105839133262634277e+00,4.461603760719299316e-01,9.016788005828857422e-01,-4.004439711570739746e-01,9.283931255340576172e-01,7.640301585197448730e-01,8.645365238189697266e-01,-4.310753643512725830e-01,-4.297548234462738037e-01,1.818208575248718262e+00,1.908645153045654297e+00,-1.046578764915466309e+00,2.160701990127563477e+00,-1.156094312667846680e+00,1.112802147865295410e+00,6.746514439582824707e-01,3.783406615257263184e-01,1.099670410156250000e+00,-5.045822858810424805e-01,-2.373545765876770020e-01,-2.184283137321472168e-01,1.967418789863586426e+00,1.966600894927978516e+00,2.023423194885253906e+00,1.972037792205810547e+00,-6.799505352973937988e-01,1.966140508651733398e+00
-4.702243506908416748e-01,2.364480018615722656e+00,5.488777756690979004e-01,-6.887704133987426758e-01,-3.623977303504943848e-01,4.773892164230346680e-01,-1.576259732246398926e-02,6.037570238113403320e-01,6.426678895950317383e-01,6.193866729736328125e-01,1.791983544826507568e-01,3.554213941097259521e-01,-3.087968528270721436e-01,-6.478749513626098633e-01,-3.446732461452484131e-01,-3.819600343704223633e-01,-5.242214202880859375e-01,-6.862801313400268555e-01,-2.776062786579132080e-01,-7.244933843612670898e-01,-9.559817314147949219e-01,9.046337604522705078e-01,-9.130756855010986328e-01,4.957596063613891602e-01,-5.047167539596557617e-01,5.142952203750610352e-01,8.240568637847900391e-01,1.361443009227514267e-02,6.504735350608825684e-01,4.640488028526306152e-01,9.120891690254211426e-01,5.683984234929084778e-02,3.505343794822692871e-01,-3.860760033130645752e-01,3.736924231052398682e-01,7.657089829444885254e-02,4.573585838079452515e-02,-6.771423816680908203e-01,-7.500591278076171875e-01,1.047547578811645508e+00,1.040330052375793457e+00,-8.882336616516113281e-01,9.940606355667114258e-01,-1.005513310432434082e+00,1.436276793479919434e+00,5.237091183662414551e-01,3.708205521106719971e-01,6.533693075180053711e-01,-3.159986138343811035e-01,-2.315861880779266357e-01,-2.210946083068847656e-01,1.946500182151794434e+00,1.913617968559265137e+00,1.969385862350463867e+00,1.972985863685607910e+00,-7.289360165596008301e-01,1.950561165809631348e+00
-4.662633836269378662e-01,2.217654705047607422e+00,5.623453855514526367e-01,-1.056071281433105469e+00,-4.325013756752014160e-01,4.632589817047119141e-01,-2.916708961129188538e-02,5.794722437858581543e-01,-1.995222806930541992e+00,-1.998420476913452148e+00,-3.052329540252685547e+00,-2.436264276504516602e+00,-2.897257804870605469e-01,-8.881591558456420898e-01,-3.941913545131683350e-01,-5.279463529586791992e-01,-4.955217242240905762e-01,-8.780468702316284180e-01,-3.227900266647338867e-01,-1.537449955940246582e+00,-1.890792131423950195e+00,7.137365341186523438e-01,-6.895094513893127441e-01,7.419017553329467773e-01,-7.693832516670227051e-01,6.363114714622497559e-02,9.172931909561157227e-01,-5.102422833442687988e-02,1.636874079704284668e-01,1.924274265766143799e-01,9.046291708946228027e-01,5.306363105773925781e-01,8.774877190589904785e-01,-2.342329472303390503e-01,4.108812212944030762e-01,9.959785938262939453e-01,1.044656872749328613e+00,-7.128456830978393555e-01,-7.350996136665344238e-01,2.334735870361328125e+00,2.488218069076538086e+00,-6.476020812988281250e-01,2.312301874160766602e+00,-5.212985277175903320e-01,1.363428592681884766e+00,4.372657835483551025e-01,2.641821801662445068e-01,8.375149369239807129e-01,-4.206520617008209229e-01,-2.273740768432617188e-01,-2.110482752323150635e-01,1.804903984069824219e+00,1.782845020294189453e+00,1.884363174438476562e+00,1.819071769714355469e+00,-6.660996675491333008e-01,1.842811703681945801e+00
-5.145457386970520020e-01,2.330447435379028320e+00,3.026131093502044678e-01,-3.195131123065948486e-01,-3.169488608837127686e-01,4.585309624671936035e-01,-4.120391234755516052e-02,6.019410490989685059e-01,8.233598470687866211e-01,8.320759534835815430e-01,4.707207381725311279e-01,5.813457965850830078e-01,-2.456295341253280640e-01,-8.131344616413116455e-02,-2.331673353910446167e-01,-2.763805389404296875e-01,-5.804679393768310547e-01,-2.584818601608276367e-01,-2.285418808460235596e-01,-3.368900418281555176e-01,-4.177404642105102539e-01,-1.298171401023864746e+00,1.274639964103698730e+00,4.968817234039306641e-01,-5.109869241714477539e-01,6.050354838371276855e-01,9.977836608886718750e-01,-1.275818347930908203e-01,9.770998358726501465e-01,8.607394695281982422e-01,1.376161575317382812e+00,1.033337712287902832e+00,9.782059788703918457e-01,-8.174276351928710938e-01,8.326419591903686523e-01,1.967407315969467163e-01,-1.148668974637985229e-01,-2.026664465665817261e-01,-2.474083900451660156e-01,1.058823943138122559e+00,4.612918198108673096e-01,-1.264113426208496094e+00,-6.117738485336303711e-01,9.013218283653259277e-01,-7.111855149269104004e-01,6.926988363265991211e-01,6.193570494651794434e-01,4.451950788497924805e-01,1.177965760231018066e+00,-2.613357603549957275e-01,-2.236414849758148193e-01,1.933382630348205566e+00,1.946208715438842773e+00,2.008809804916381836e+00,1.967753887176513672e+00,-7.069703340530395508e-01,1.949655055999755859e+00
-4.838300943374633789e-01,2.254329919815063477e+00,3.843297362327575684e-01,-3.261817693710327148e-01,-2.861613929271697998e-01,4.842448830604553223e-01,-3.300451859831809998e-02,5.961692929267883301e-01,8.130761981010437012e-01,8.100284934043884277e-01,4.659712910652160645e-01,6.051328182220458984e-01,-2.180140167474746704e-01,-1.384803056716918945e-01,-2.286041229963302612e-01,-2.602570652961730957e-01,-5.454485416412353516e-01,-3.207666873931884766e-01,-2.301950603723526001e-01,-3.860696554183959961e-01,-5.521996021270751953e-01,-7.000782489776611328e-01,6.718826293945312500e-01,4.829491674900054932e-01,-4.558964967727661133e-01,8.368865847587585449e-01,-1.439041495323181152e-01,9.917769581079483032e-02,6.284307241439819336e-01,1.812034696340560913e-01,-6.259278059005737305e-01,-5.280502438545227051e-01,-4.328958094120025635e-01,-3.564741611480712891e-01,-5.869240760803222656e-01,-6.062925457954406738e-01,-1.074319601058959961e+00,-7.467511296272277832e-01,-7.476760149002075195e-01,2.880504131317138672e-01,-7.607933878898620605e-01,-9.627085328102111816e-01,-5.314613580703735352e-01,-4.500804245471954346e-01,1.511983573436737061e-03,3.760495781898498535e-01,4.917138814926147461e-01,4.744697511196136475e-01,7.452123165130615234e-01,-2.563724219799041748e-01,-2.364963591098785400e-01,1.799007773399353027e+00,1.842041015625000000e+00,1.902914643287658691e+00,1.835757136344909668e+00,-7.059437036514282227e-01,1.856558442115783691e+00
-5.019851326942443848e-01,2.219946146011352539e+00,3.362713158130645752e-01,-2.996507585048675537e-01,-3.135393559932708740e-01,4.966141581535339355e-01,-2.106962725520133972e-02,6.041857004165649414e-01,8.125820755958557129e-01,8.216160535812377930e-01,4.964181184768676758e-01,6.133409738540649414e-01,-2.184066772460937500e-01,4.794634133577346802e-02,-2.167899608612060547e-01,-2.551537454128265381e-01,-5.183672904968261719e-01,-2.701424360275268555e-01,-2.262289226055145264e-01,-3.010782897472381592e-01,-3.732180595397949219e-01,-3.145658373832702637e-01,2.703000307083129883e-01,4.873500764369964600e-01,-5.128831267356872559e-01,5.943107604980468750e-01,6.414655447006225586e-01,-5.799774527549743652e-01,1.061557233333587646e-02,3.606405854225158691e-01,1.068027138710021973e+00,3.095858171582221985e-02,4.906063377857208252e-01,-2.896570563316345215e-01,2.741669416427612305e-01,1.374810695648193359e+00,1.221798777580261230e+00,1.011651873588562012e+00,9.484611153602600098e-01,1.396444678306579590e+00,1.338863253593444824e+00,-8.455147147178649902e-01,-5.614916086196899414e-01,-1.547553241252899170e-01,1.049270629882812500e+00,4.486798346042633057e-01,7.210307717323303223e-01,5.786689519882202148e-01,1.139728903770446777e+00,-2.569834589958190918e-01,-2.463353872299194336e-01,1.812799572944641113e+00,1.860090136528015137e+00,1.927390217781066895e+00,1.833703279495239258e+00,-7.182472348213195801e-01,1.825916528701782227e+00
-4.893703460693359375e-01,2.358832597732543945e+00,5.069098472595214844e-01,-6.992292404174804688e-01,-3.814440965652465820e-01,5.206801295280456543e-01,-5.120052769780158997e-02,6.311001181602478027e-01,5.434399247169494629e-01,5.583233833312988281e-01,5.376669019460678101e-02,2.136599272489547729e-01,-3.141693174839019775e-01,-6.164570450782775879e-01,-2.993376255035400391e-01,-4.320043921470642090e-01,-5.379082560539245605e-01,-6.733412742614746094e-01,-2.886313796043395996e-01,-7.768228650093078613e-01,-1.071705579757690430e+00,9.634613394737243652e-01,-9.801273345947265625e-01,5.684912204742431641e-01,-5.742544531822204590e-01,8.253837823867797852e-01,4.925551414489746094e-01,-4.979448318481445312e-01,2.345007658004760742e-01,4.037193059921264648e-01,9.007487893104553223e-01,1.114592552185058594e-01,2.596943974494934082e-01,-4.855592250823974609e-01,1.222471222281455994e-01,3.446745499968528748e-02,-6.487257778644561768e-02,-5.427857637405395508e-01,-6.346962451934814453e-01,1.089887738227844238e+00,8.204447627067565918e-01,-8.646294474601745605e-01,-2.281710207462310791e-01,-1.018531844019889832e-01,1.407821178436279297e+00,4.363706409931182861e-01,4.914295077323913574e-01,3.051399886608123779e-01,6.744540929794311523e-01,-2.649718821048736572e-01,-2.411660850048065186e-01,1.949211835861206055e+00,1.962830662727355957e+00,2.024347543716430664e+00,1.974545001983642578e+00,-7.137598991394042969e-01,2.003427505493164062e+00
-4.629802107810974121e-01,2.278937101364135742e+00,3.627542555332183838e-01,-3.412443995475769043e-01,-3.133014738559722900e-01,4.879468083381652832e-01,-2.194062992930412292e-02,6.186717748641967773e-01,8.495417237281799316e-01,8.153212070465087891e-01,4.544336795806884766e-01,5.839933156967163086e-01,-2.421577870845794678e-01,-1.404342651367187500e-01,-2.183411717414855957e-01,-2.528613209724426270e-01,-5.280604362487792969e-01,-3.361524939537048340e-01,-2.152316868305206299e-01,-4.306969642639160156e-01,-5.428398847579956055e-01,-8.499347567558288574e-01,8.341779708862304688e-01,4.759003818035125732e-01,-4.338181316852569580e-01,9.199885129928588867e-01,6.501433253288269043e-02,1.277237236499786377e-01,7.378482818603515625e-01,3.093962073326110840e-01,-1.627651900053024292e-01,-6.179325580596923828e-01,-5.028404593467712402e-01,-3.548745214939117432e-01,-3.512191176414489746e-01,-7.716302275657653809e-01,-1.146412253379821777e+00,-7.441674470901489258e-01,-7.788779735565185547e-01,-1.080794483423233032e-01,-8.188989162445068359e-01,-9.572390317916870117e-01,-5.064190626144409180e-01,-7.362075448036193848e-01,3.312095403671264648e-01,4.022468924522399902e-01,4.805789887905120850e-01,4.340862929821014404e-01,3.977434039115905762e-01,-2.470199763774871826e-01,-2.641593515872955322e-01,1.838885903358459473e+00,1.809223294258117676e+00,1.892113327980041504e+00,1.839858174324035645e+00,-7.185156941413879395e-01,1.823151826858520508e+00
-5.086641907691955566e-01,2.350391149520874023e+00,5.736165046691894531e-01,-8.372387290000915527e-01,-4.076283574104309082e-01,5.073735713958740234e-01,-2.595904096961021423e-02,6.021950840950012207e-01,-4.051969945430755615e-01,-4.477209448814392090e-01,-1.067898035049438477e+00,-8.054280281066894531e-01,-2.948482632637023926e-01,-7.642039656639099121e-01,-3.351978659629821777e-01,-4.532988965511322021e-01,-5.516513586044311523e-01,-7.860573530197143555e-01,-3.262776732444763184e-01,-1.170947909355163574e+00,-1.437315940856933594e+00,1.064302682876586914e+00,-1.074638605117797852e+00,6.454386711120605469e-01,-6.522968411445617676e-01,9.136250019073486328e-01,1.166576594114303589e-01,-6.692972779273986816e-01,-2.766813635826110840e-01,8.956835418939590454e-02,5.633645653724670410e-01,-2.926445603370666504e-01,1.070025116205215454e-01,-3.412898778915405273e-01,-3.664315938949584961e-01,-1.613001674413681030e-01,-2.762205302715301514e-01,-8.330516219139099121e-01,-8.098185062408447266e-01,1.108446836471557617e+00,8.352148532867431641e-01,-6.702026724815368652e-01,-2.292274832725524902e-01,-2.899687290191650391e-01,1.663649082183837891e+00,2.236006110906600952e-01,4.175262749195098877e-01,1.681093126535415649e-01,4.282894730567932129e-01,-2.632577121257781982e-01,-2.238686680793762207e-01,1.901836514472961426e+00,1.954235672950744629e+00,1.989300489425659180e+00,1.953704357147216797e+00,-7.213260531425476074e-01,1.921398162841796875e+00
-4.854416847229003906e-01,2.273767709732055664e+00,3.123647570610046387e-01,-3.987477123737335205e-01,-3.041150867938995361e-01,5.000894069671630859e-01,-2.076337859034538269e-02,6.117343306541442871e-01,8.379584550857543945e-01,8.108247518539428711e-01,4.851809144020080566e-01,5.774461030960083008e-01,-2.079986184835433960e-01,-1.574002206325531006e-01,-2.205190658569335938e-01,-2.577692270278930664e-01,-5.662543773651123047e-01,-3.935357630252838135e-01,-2.259857356548309326e-01,-3.811147212982177734e-01,-5.109767913818359375e-01,-3.780043721199035645e-01,4.203555583953857422e-01,4.583245217800140381e-01,-4.547916054725646973e-01,9.191092252731323242e-01,6.675808429718017578e-01,1.162701919674873352e-01,1.031117081642150879e+00,7.046411633491516113e-01,1.032238721847534180e+00,-5.782595276832580566e-01,-1.095918118953704834e-01,-4.598892331123352051e-01,4.507676362991333008e-01,-9.380012750625610352e-01,-8.185917139053344727e-01,-6.684405207633972168e-01,-6.819204092025756836e-01,-6.431837677955627441e-01,-4.753239750862121582e-01,-9.999765157699584961e-01,-2.388947010040283203e-01,-1.386596918106079102e+00,1.361200451850891113e+00,5.132805109024047852e-01,4.744230210781097412e-01,4.706393778324127197e-01,-3.205242156982421875e-01,-2.361228168010711670e-01,-2.447486221790313721e-01,1.825222134590148926e+00,1.870051383972167969e+00,1.912704348564147949e+00,1.887375831604003906e+00,-7.182140946388244629e-01,1.860468506813049316e+00
-5.957688689231872559e-01,2.568017959594726562e+00,3.566800951957702637e-01,-4.502624571323394775e-01,-3.079516887664794922e-01,5.650683641433715820e-01,-2.584092691540718079e-02,7.075052857398986816e-01,9.027715921401977539e-01,8.930013179779052734e-01,4.232065677642822266e-01,6.256573200225830078e-01,-2.581345438957214355e-01,-1.653845161199569702e-01,-2.808672785758972168e-01,-3.025674819946289062e-01,-6.145572066307067871e-01,-4.453878104686737061e-01,-2.484255284070968628e-01,-3.873291015625000000e-01,-4.757944345474243164e-01,-1.610397815704345703e+00,1.615008831024169922e+00,4.516816139221191406e-01,-4.993151128292083740e-01,1.101498246192932129e+00,9.539349079132080078e-01,1.419528275728225708e-01,1.442333340644836426e+00,1.045982956886291504e+00,1.284592747688293457e+00,-6.425819993019104004e-01,-4.521095752716064453e-01,-6.476409435272216797e-01,7.955999970436096191e-01,-1.526176214218139648e+00,-1.250247836112976074e+00,-8.858162760734558105e-01,-8.551520109176635742e-01,-1.352076530456542969e+00,-7.903501391410827637e-01,-1.162221908569335938e+00,-4.380156397819519043e-01,-1.723776936531066895e+00,1.696752429008483887e+00,6.608724594116210938e-01,5.438092947006225586e-01,4.147607088088989258e-01,-7.616150975227355957e-01,-2.521907985210418701e-01,-2.655108273029327393e-01,2.089424848556518555e+00,2.131978034973144531e+00,2.180008411407470703e+00,2.219688415527343750e+00,-8.216276168823242188e-01,2.173026323318481445e+00
-5.201995372772216797e-01,2.514050483703613281e+00,2.713960707187652588e-01,-3.204093575477600098e-01,-3.025766611099243164e-01,5.125536322593688965e-01,-8.852720260620117188e-03,6.826009750366210938e-01,8.593759536743164062e-01,8.485845923423767090e-01,4.429171681404113770e-01,5.886163711547851562e-01,-2.276937514543533325e-01,1.374933868646621704e-01,-2.572697401046752930e-01,-2.699798941612243652e-01,-5.528115630149841309e-01,-2.154988199472427368e-01,-1.660373061895370483e-01,-4.467148706316947937e-02,6.030482053756713867e-02,-1.742919683456420898e+00,1.732084751129150391e+00,5.900094509124755859e-01,-5.911316275596618652e-01,4.642248153686523438e-01,9.622238874435424805e-01,-7.533414959907531738e-01,9.355619549751281738e-03,6.152673363685607910e-01,1.478439807891845703e+00,5.804342031478881836e-01,6.601226925849914551e-01,-4.016761779785156250e-01,6.365080475807189941e-01,2.070069789886474609e+00,2.157534360885620117e+00,1.783958554267883301e+00,1.781639814376831055e+00,1.985729694366455078e+00,2.090647220611572266e+00,-1.011834502220153809e+00,-6.975005269050598145e-01,6.534300446510314941e-01,6.480963826179504395e-01,6.272095441818237305e-01,8.389139175415039062e-01,7.339287996292114258e-01,1.210314989089965820e+00,-2.418046295642852783e-01,-2.802079021930694580e-01,2.003243446350097656e+00,2.044498920440673828e+00,2.091401815414428711e+00,2.078827142715454102e+00,-7.479993700981140137e-01,2.058594703674316406e+00
-4.996578991413116455e-01,2.276520967483520508e+00,2.926654219627380371e-01,-3.801743388175964355e-01,-2.961186766624450684e-01,5.220273137092590332e-01,-1.677454635500907898e-02,6.319954395294189453e-01,8.162859678268432617e-01,7.954728603363037109e-01,4.431723356246948242e-01,5.565646290779113770e-01,-2.231042385101318359e-01,-1.962292194366455078e-01,-2.441277951002120972e-01,-2.641044855117797852e-01,-5.412464141845703125e-01,-4.014227688312530518e-01,-2.296043783426284790e-01,-3.988789916038513184e-01,-4.975448846817016602e-01,-6.771767735481262207e-01,7.160643339157104492e-01,4.417311847209930420e-01,-4.192455708980560303e-01,9.498680233955383301e-01,6.645876169204711914e-01,1.531857401132583618e-01,1.139308571815490723e+00,7.336461544036865234e-01,8.622342348098754883e-01,-5.641675591468811035e-01,-2.632928490638732910e-01,-5.160564780235290527e-01,4.142344892024993896e-01,-1.208168268203735352e+00,-1.095748662948608398e+00,-7.936775684356689453e-01,-8.069232702255249023e-01,-7.894262075424194336e-01,-6.416512131690979004e-01,-1.004944562911987305e+00,-3.518551588058471680e-01,-1.351024627685546875e+00,1.347298502922058105e+00,5.351151823997497559e-01,4.914182126522064209e-01,4.180664420127868652e-01,-4.233619570732116699e-01,-2.486050724983215332e-01,-2.355716526508331299e-01,1.854997873306274414e+00,1.896564006805419922e+00,1.956974029541015625e+00,1.897857904434204102e+00,-6.965291500091552734e-01,1.899904012680053711e+00
-4.736551642417907715e-01,2.191177845001220703e+00,3.501447439193725586e-01,-4.181216955184936523e-01,-3.157355785369873047e-01,4.665569067001342773e-01,-3.236848860979080200e-03,6.226023435592651367e-01,8.244003653526306152e-01,8.341109156608581543e-01,5.141028165817260742e-01,6.386873722076416016e-01,-2.069628387689590454e-01,-1.402836143970489502e-01,-2.268270701169967651e-01,-2.630268037319183350e-01,-4.912563264369964600e-01,-3.781933784484863281e-01,-2.304137647151947021e-01,-3.930936753749847412e-01,-5.743725895881652832e-01,2.714142203330993652e-01,-2.535470128059387207e-01,4.580591022968292236e-01,-4.999159872531890869e-01,8.029956221580505371e-01,6.535723209381103516e-01,-3.150970339775085449e-01,5.192791223526000977e-01,4.847707450389862061e-01,1.132628440856933594e+00,-3.370244801044464111e-01,1.458552181720733643e-01,-2.844062447547912598e-01,3.786555826663970947e-01,1.955925524234771729e-01,3.089500367641448975e-01,1.454590559005737305e-01,5.996450781822204590e-02,3.732905983924865723e-01,5.461459159851074219e-01,-8.043963313102722168e-01,-2.521750926971435547e-01,-9.645321369171142578e-01,1.462821960449218750e+00,4.458909332752227783e-01,5.654064416885375977e-01,5.122654438018798828e-01,3.210637569427490234e-01,-2.413634061813354492e-01,-2.433873116970062256e-01,1.830472350120544434e+00,1.857033014297485352e+00,1.923358559608459473e+00,1.812079310417175293e+00,-7.215412855148315430e-01,1.813905358314514160e+00
-5.225561857223510742e-01,2.268126249313354492e+00,4.954940080642700195e-01,-6.310247778892517090e-01,-3.850142359733581543e-01,4.865040779113769531e-01,-3.483450040221214294e-02,6.211887001991271973e-01,9.283012747764587402e-01,9.184811115264892578e-01,5.907797217369079590e-01,6.647346019744873047e-01,-2.579209506511688232e-01,-5.885809063911437988e-01,-3.007156848907470703e-01,-3.613658845424652100e-01,-5.201543569564819336e-01,-5.853654742240905762e-01,-2.843304574489593506e-01,-6.805821061134338379e-01,-9.317633509635925293e-01,9.325515627861022949e-01,-9.047043919563293457e-01,4.867625236511230469e-01,-4.604062139987945557e-01,4.915273785591125488e-01,9.186735153198242188e-01,6.591302901506423950e-02,7.786234021186828613e-01,4.936958849430084229e-01,1.001013994216918945e+00,-4.904377087950706482e-02,4.684175848960876465e-01,-3.806314468383789062e-01,5.516225695610046387e-01,1.144234240055084229e-01,1.903768628835678101e-01,-4.947269558906555176e-01,-5.241138935089111328e-01,1.104816913604736328e+00,1.173095464706420898e+00,-8.835554122924804688e-01,1.126766562461853027e+00,-1.073672056198120117e+00,1.495270729064941406e+00,5.491152405738830566e-01,3.988986611366271973e-01,7.759509086608886719e-01,-3.191426098346710205e-01,-2.562106549739837646e-01,-2.417219579219818115e-01,1.910383582115173340e+00,1.918387293815612793e+00,1.983033061027526855e+00,1.863726615905761719e+00,-7.240102291107177734e-01,1.891357660293579102e+00
-4.824618995189666748e-01,2.328327894210815430e+00,5.789105296134948730e-01,-7.520073056221008301e-01,-3.851601481437683105e-01,4.894305467605590820e-01,-2.266613766551017761e-02,6.320360302925109863e-01,2.498405575752258301e-01,2.686602473258972168e-01,-2.619730234146118164e-01,-4.214754700660705566e-02,-3.157711625099182129e-01,-6.670297384262084961e-01,-3.360092937946319580e-01,-4.156151115894317627e-01,-5.247257947921752930e-01,-7.036576867103576660e-01,-3.179464936256408691e-01,-8.831036686897277832e-01,-1.122940063476562500e+00,6.949066519737243652e-01,-7.334118485450744629e-01,5.739089250564575195e-01,-5.820959210395812988e-01,1.043417453765869141e+00,-1.259372234344482422e-01,-5.302373170852661133e-01,-9.882854670286178589e-02,3.336662054061889648e-02,-2.746720239520072937e-02,-6.508495807647705078e-01,-3.361630141735076904e-01,-3.025646805763244629e-01,-6.409087181091308594e-01,-5.004914402961730957e-01,-7.404268980026245117e-01,-9.143344163894653320e-01,-8.044133186340332031e-01,7.861860394477844238e-01,1.510419994592666626e-01,-7.221374511718750000e-01,-5.925232172012329102e-01,-4.717041552066802979e-01,1.374038457870483398e+00,2.127519100904464722e-01,4.231037497520446777e-01,1.513863652944564819e-01,4.818047285079956055e-01,-2.260612547397613525e-01,-2.458778023719787598e-01,1.877455353736877441e+00,1.885693311691284180e+00,1.957359671592712402e+00,1.955135941505432129e+00,-7.349555492401123047e-01,1.919887900352478027e+00
-4.871589839458465576e-01,2.229413032531738281e+00,3.399623930454254150e-01,-3.789463639259338379e-01,-3.372942507266998291e-01,4.612989425659179688e-01,-1.320110261440277100e-02,5.969629287719726562e-01,9.335712790489196777e-01,9.239451885223388672e-01,6.272389292716979980e-01,6.923642158508300781e-01,-2.364511191844940186e-01,-1.235679015517234802e-01,-1.922817826271057129e-01,-2.573498785495758057e-01,-5.206565260887145996e-01,-3.178214728832244873e-01,-2.157052457332611084e-01,-3.044160008430480957e-01,-4.807344079017639160e-01,-7.162600755691528320e-03,5.635686591267585754e-02,5.109223127365112305e-01,-4.817823767662048340e-01,6.571648716926574707e-01,6.518869400024414062e-01,-3.698922991752624512e-01,2.928150296211242676e-01,3.399473428726196289e-01,1.093644022941589355e+00,-4.862173497676849365e-01,2.234906703233718872e-01,-1.882428377866744995e-01,3.747080862522125244e-01,6.742336153984069824e-01,9.585748910903930664e-01,6.832067370414733887e-01,6.238273978233337402e-01,7.952026128768920898e-01,1.061790585517883301e+00,-7.737869620323181152e-01,-3.666048124432563782e-02,-1.182675480842590332e+00,1.666194915771484375e+00,4.785671532154083252e-01,5.986458659172058105e-01,7.079903483390808105e-01,2.645232677459716797e-01,-2.511609792709350586e-01,-2.133846580982208252e-01,1.843430042266845703e+00,1.848857164382934570e+00,1.957765460014343262e+00,1.752337813377380371e+00,-6.943506002426147461e-01,1.907377839088439941e+00
