-4.916517138481140137e-01,2.304138183593750000e+00,5.989009141921997070e-01,-9.493961930274963379e-01,-4.355949759483337402e-01,5.017439126968383789e-01,-1.645501889288425446e-02,6.213638782501220703e-01,-1.154836416244506836e+00,-1.173117756843566895e+00,-2.018049716949462891e+00,-1.599343419075012207e+00,-3.291915953159332275e-01,-8.581123948097229004e-01,-3.519091904163360596e-01,-5.150627493858337402e-01,-5.342693328857421875e-01,-8.298337459564208984e-01,-3.498124480247497559e-01,-1.353642582893371582e+00,-1.659461975097656250e+00,9.502348303794860840e-01,-9.550843238830566406e-01,7.114944458007812500e-01,-7.067146897315979004e-01,9.501155018806457520e-01,-7.739962637424468994e-02,-8.161956071853637695e-01,-6.296736598014831543e-01,-9.660081565380096436e-02,4.089557528495788574e-01,-4.411717355251312256e-01,1.790759265422821045e-01,-3.002812862396240234e-01,-6.799184679985046387e-01,-3.103314153850078583e-02,-1.799768358469009399e-01,-8.941428065299987793e-01,-8.235393762588500977e-01,1.507829666137695312e+00,1.098738074302673340e+00,-5.805935263633728027e-01,-1.626373976469039917e-01,-2.520028650760650635e-01,1.604665756225585938e+00,1.748608350753784180e-01,4.284392595291137695e-01,1.047603785991668701e-01,4.502829313278198242e-01,-2.646155953407287598e-01,-2.638430297374725342e-01,1.856763124465942383e+00,1.891382098197937012e+00,1.964238405227661133e+00,1.872188329696655273e+00,-7.373021841049194336e-01,1.900038599967956543e+00
-4.979986250400543213e-01,2.285610437393188477e+00,3.221974670886993408e-01,-3.199997246265411377e-01,-2.888804078102111816e-01,4.921154379844665527e-01,-1.789863407611846924e-02,6.153902411460876465e-01,9.249317049980163574e-01,9.032942056655883789e-01,6.078912615776062012e-01,6.992278695106506348e-01,-2.345388680696487427e-01,-1.153697520494461060e-01,-2.257605642080307007e-01,-2.533572614192962646e-01,-5.324020981788635254e-01,-3.096774220466613770e-01,-2.290033996105194092e-01,-3.640237152576446533e-01,-5.020930767059326172e-01,-4.540029764175415039e-01,4.393070340156555176e-01,4.522390365600585938e-01,-4.366993010044097900e-01,9.177218675613403320e-01,4.120621383190155029e-01,3.777356818318367004e-02,8.815069794654846191e-01,5.592194795608520508e-01,5.329740643501281738e-01,-5.646895766258239746e-01,-3.240608870983123779e-01,-4.778354763984680176e-01,1.221994012594223022e-01,-8.041597604751586914e-01,-8.806497454643249512e-01,-6.095816493034362793e-01,-6.564880013465881348e-01,-4.257371723651885986e-01,-5.903066992759704590e-01,-9.928655624389648438e-01,-4.789779484272003174e-01,-1.057477355003356934e+00,9.691900610923767090e-01,5.556161403656005859e-01,5.438312292098999023e-01,4.251029789447784424e-01,9.636819362640380859e-02,-2.426156252622604370e-01,-2.506186664104461670e-01,1.849693775177001953e+00,1.892884612083435059e+00,1.964932799339294434e+00,1.871346354484558105e+00,-7.204284667968750000e-01,1.909240245819091797e+00
-4.925803542137145996e-01,2.291553258895874023e+00,6.087703704833984375e-01,-9.650766849517822266e-01,-4.413030147552490234e-01,5.006624460220336914e-01,-1.670284941792488098e-02,6.211662292480468750e-01,-1.127740263938903809e+00,-1.157198071479797363e+00,-1.999124646186828613e+00,-1.570652842521667480e+00,-3.306322991847991943e-01,-8.884450197219848633e-01,-3.508280515670776367e-01,-5.343107581138610840e-01,-5.388514399528503418e-01,-8.423114418983459473e-01,-3.467480540275573730e-01,-1.344882965087890625e+00,-1.658466815948486328e+00,9.907874464988708496e-01,-9.989355206489562988e-01,7.193906307220458984e-01,-7.004606723785400391e-01,-3.807610273361206055e-02,1.124423742294311523e+00,1.830714941024780273e-01,4.711523354053497314e-01,2.787762284278869629e-01,8.638526201248168945e-01,6.118062734603881836e-01,8.140261173248291016e-01,-3.340695500373840332e-01,5.999600887298583984e-01,9.774203896522521973e-01,9.930275678634643555e-01,-7.087627053260803223e-01,-7.494139671325683594e-01,2.217523574829101562e+00,2.348728418350219727e+00,-8.259121179580688477e-01,2.550393581390380859e+00,-6.852207183837890625e-01,1.329071640968322754e+00,5.820195674896240234e-01,3.079413771629333496e-01,9.580404162406921387e-01,-4.857685267925262451e-01,-2.692166566848754883e-01,-2.677193582057952881e-01,1.829202055931091309e+00,1.872171998023986816e+00,1.938145160675048828e+00,1.860706329345703125e+00,-7.416469454765319824e-01,1.885282874107360840e+00
-4.854822158813476562e-01,2.325757980346679688e+00,5.223056077957153320e-01,-6.454493403434753418e-01,-3.685383796691894531e-01,4.943084120750427246e-01,-1.109384186565876007e-02,6.169682145118713379e-01,8.973268270492553711e-01,8.903945684432983398e-01,5.455932021141052246e-01,6.762469410896301270e-01,-2.799973487854003906e-01,-5.926824212074279785e-01,-2.891962528228759766e-01,-3.714671730995178223e-01,-5.250056385993957520e-01,-6.120991110801696777e-01,-2.962669730186462402e-01,-6.622783541679382324e-01,-9.153155684471130371e-01,6.903198957443237305e-01,-6.763620376586914062e-01,4.938425719738006592e-01,-4.836595058441162109e-01,6.868073344230651855e-01,5.936798453330993652e-01,-9.381069242954254150e-02,4.922794997692108154e-01,3.530327379703521729e-01,7.838686108589172363e-01,-2.059082388877868652e-01,1.745032817125320435e-01,-4.085784554481506348e-01,1.736045926809310913e-01,-1.772580593824386597e-01,-2.277316153049468994e-01,-7.142521739006042480e-01,-7.398784160614013672e-01,9.296940565109252930e-01,7.094956040382385254e-01,-8.644533753395080566e-01,5.575483441352844238e-01,-8.597407937049865723e-01,1.424467682838439941e+00,4.874557256698608398e-01,4.411468505859375000e-01,5.650525689125061035e-01,-9.508506953716278076e-02,-2.573736906051635742e-01,-2.654673755168914795e-01,1.868357181549072266e+00,1.921911358833312988e+00,1.967320680618286133e+00,1.901571273803710938e+00,-7.251273989677429199e-01,1.916674017906188965e+00
-5.115635991096496582e-01,2.348630905151367188e+00,4.603553414344787598e-01,-3.568831086158752441e-01,-3.268967866897583008e-01,5.133466124534606934e-01,-2.005038596689701080e-02,6.286227703094482422e-01,8.835578560829162598e-01,8.847907781600952148e-01,5.602355003356933594e-01,6.495544910430908203e-01,-2.829844355583190918e-01,-3.079128563404083252e-01,-2.701676785945892334e-01,-3.151462674140930176e-01,-5.423727035522460938e-01,-4.135387241840362549e-01,-2.888400554656982422e-01,-4.562213122844696045e-01,-7.460745573043823242e-01,-2.127350419759750366e-01,2.152445018291473389e-01,4.927932620048522949e-01,-5.045273303985595703e-01,6.564639210700988770e-01,9.040906429290771484e-01,-3.030722141265869141e-01,7.830400466918945312e-01,8.421979546546936035e-01,1.270577907562255859e+00,1.212887763977050781e+00,9.473724961280822754e-01,-8.853158354759216309e-01,7.590657472610473633e-01,-1.244659796357154846e-01,-4.321880936622619629e-01,-7.343778014183044434e-01,-7.601760625839233398e-01,1.143204927444458008e+00,5.603321790695190430e-01,-1.216056942939758301e+00,-6.691436171531677246e-01,1.093240380287170410e+00,-2.598630189895629883e-01,6.655535101890563965e-01,6.186674833297729492e-01,2.657613754272460938e-01,1.248405337333679199e+00,-2.607747614383697510e-01,-2.532460391521453857e-01,1.890988469123840332e+00,1.951633334159851074e+00,2.001129388809204102e+00,1.938340902328491211e+00,-7.194843888282775879e-01,1.935239791870117188e+00
-4.995620250701904297e-01,2.319933414459228516e+00,3.345161378383636475e-01,-3.661507368087768555e-01,-3.242960572242736816e-01,4.946718811988830566e-01,-1.971454173326492310e-02,6.158896684646606445e-01,9.450193643569946289e-01,9.214022159576416016e-01,6.191119551658630371e-01,7.208030223846435547e-01,-2.327677011489868164e-01,-1.857205629348754883e-01,-2.196332067251205444e-01,-2.690961062908172607e-01,-5.244791507720947266e-01,-3.627897500991821289e-01,-2.301347255706787109e-01,-3.885475397109985352e-01,-5.570392012596130371e-01,-2.583125829696655273e-01,2.516763806343078613e-01,4.457525908946990967e-01,-4.559800028800964355e-01,9.550591707229614258e-01,5.339313745498657227e-01,-1.791687309741973877e-02,8.716722130775451660e-01,6.128976941108703613e-01,7.557342648506164551e-01,-5.779700279235839844e-01,-2.972836196422576904e-01,-5.180166959762573242e-01,2.522096633911132812e-01,-8.263909220695495605e-01,-8.335283398628234863e-01,-6.277159452438354492e-01,-6.624057292938232422e-01,-4.499291479587554932e-01,-4.576816558837890625e-01,-9.874768257141113281e-01,-4.354917407035827637e-01,-1.190512776374816895e+00,1.294232368469238281e+00,5.308539271354675293e-01,5.441937446594238281e-01,4.074810445308685303e-01,-6.553876399993896484e-02,-2.514771819114685059e-01,-2.651146650314331055e-01,1.875380754470825195e+00,1.922979235649108887e+00,1.985861539840698242e+00,1.907564043998718262e+00,-7.259681224822998047e-01,1.926518440246582031e+00
-5.140833854675292969e-01,2.326314926147460938e+00,2.675415575504302979e-01,-2.177746891975402832e-01,-3.035692274570465088e-01,5.080272555351257324e-01,-1.663237996399402618e-02,6.256584525108337402e-01,8.034890890121459961e-01,8.190890550613403320e-01,4.566309750080108643e-01,5.696332454681396484e-01,-2.253502160310745239e-01,1.457179337739944458e-01,-2.351617515087127686e-01,-2.172360271215438843e-01,-5.303929448127746582e-01,-1.574981957674026489e-01,-2.438892722129821777e-01,-1.508858203887939453e-01,-1.723041087388992310e-01,-1.068541884422302246e+00,1.074598073959350586e+00,5.004040598869323730e-01,-5.290215015411376953e-01,5.669735074043273926e-01,4.517116248607635498e-01,-6.502385139465332031e-01,-2.662096023559570312e-01,1.668387353420257568e-01,7.851632833480834961e-01,-1.485179364681243896e-01,2.790759205818176270e-01,-1.707783192396163940e-01,1.578598469495773315e-02,1.838932156562805176e+00,1.709030032157897949e+00,1.513153791427612305e+00,1.502470135688781738e+00,1.743179321289062500e+00,1.569862365722656250e+00,-8.297725319862365723e-01,-6.135823726654052734e-01,-1.100222766399383545e-01,1.019955039024353027e+00,4.567943811416625977e-01,8.753693103790283203e-01,6.945886015892028809e-01,1.290338993072509766e+00,-2.617417871952056885e-01,-2.379528880119323730e-01,1.876508593559265137e+00,1.943318843841552734e+00,2.001618385314941406e+00,1.914518833160400391e+00,-7.028902769088745117e-01,1.933410286903381348e+00
-4.929456114768981934e-01,2.300311565399169922e+00,6.080908775329589844e-01,-8.793596029281616211e-01,-4.163944125175476074e-01,4.893548488616943359e-01,-1.731428131461143494e-02,6.121735572814941406e-01,-3.360559344291687012e-01,-3.708832859992980957e-01,-1.002715945243835449e+00,-6.921446919441223145e-01,-3.292102217674255371e-01,-8.280938267707824707e-01,-3.609253764152526855e-01,-4.834466278553009033e-01,-5.281739830970764160e-01,-7.831805348396301270e-01,-3.478530943393707275e-01,-1.144161105155944824e+00,-1.421411752700805664e+00,1.003180265426635742e+00,-1.020050406455993652e+00,6.336300969123840332e-01,-6.166946887969970703e-01,7.935608625411987305e-01,1.710118055343627930e-01,-5.428242683410644531e-01,-2.804831862449645996e-01,5.490645766258239746e-03,5.007793307304382324e-01,-2.855805158615112305e-01,2.755033671855926514e-01,-3.083280920982360840e-01,-4.226711392402648926e-01,6.252422928810119629e-02,-7.075108587741851807e-02,-8.257013559341430664e-01,-7.917076349258422852e-01,1.625538706779479980e+00,1.191959381103515625e+00,-6.634984612464904785e-01,3.027643859386444092e-01,-3.821136355400085449e-01,1.519925355911254883e+00,2.878072857856750488e-01,4.149560928344726562e-01,3.163128197193145752e-01,2.636874914169311523e-01,-2.555836737155914307e-01,-2.468726933002471924e-01,1.854356169700622559e+00,1.861755132675170898e+00,1.946888446807861328e+00,1.863591909408569336e+00,-7.161171436309814453e-01,1.882362365722656250e+00
-4.907813668251037598e-01,2.305620193481445312e+00,3.650317490100860596e-01,-2.436992377042770386e-01,-3.099606931209564209e-01,5.021228790283203125e-01,-2.304207533597946167e-02,6.301295161247253418e-01,9.010533094406127930e-01,9.116532802581787109e-01,5.689158439636230469e-01,6.760692596435546875e-01,-2.409176826477050781e-01,-3.917153552174568176e-02,-2.098190039396286011e-01,-2.440177649259567261e-01,-5.301099419593811035e-01,-2.571846246719360352e-01,-2.335892617702484131e-01,-3.744556307792663574e-01,-5.087855458259582520e-01,-9.966510534286499023e-01,9.973482489585876465e-01,4.813568294048309326e-01,-4.737520515918731689e-01,7.985137104988098145e-01,-1.426848471164703369e-01,1.539903432130813599e-01,6.586328744888305664e-01,1.196712628006935120e-01,-5.602817535400390625e-01,-5.669476389884948730e-01,-4.018751680850982666e-01,-3.408571481704711914e-01,-6.336415410041809082e-01,-4.833401441574096680e-01,-9.895883798599243164e-01,-6.215359568595886230e-01,-6.535159945487976074e-01,3.062063157558441162e-01,-7.904385924339294434e-01,-1.019025802612304688e+00,-4.905630350112915039e-01,-4.884307980537414551e-01,-2.140601426362991333e-01,4.768724441528320312e-01,5.521035194396972656e-01,5.398252606391906738e-01,8.580980300903320312e-01,-2.597607374191284180e-01,-2.598890066146850586e-01,1.860169529914855957e+00,1.926190018653869629e+00,1.974959850311279297e+00,1.903354763984680176e+00,-7.327560186386108398e-01,1.908746004104614258e+00
-4.957861602306365967e-01,2.317832469940185547e+00,3.007195591926574707e-01,-2.607246041297912598e-01,-3.147473931312561035e-01,4.935069084167480469e-01,-2.640766836702823639e-02,6.206364035606384277e-01,8.799392580986022949e-01,9.209228754043579102e-01,5.760284662246704102e-01,6.718931198120117188e-01,-2.513631284236907959e-01,-3.194946795701980591e-03,-2.427490353584289551e-01,-2.354862540960311890e-01,-5.300432443618774414e-01,-2.397396862506866455e-01,-2.528611123561859131e-01,-1.820046007633209229e-01,-2.829091548919677734e-01,-9.521211385726928711e-01,9.699874520301818848e-01,5.207918882369995117e-01,-5.012884140014648438e-01,4.688129127025604248e-01,1.031659960746765137e+00,-5.686085224151611328e-01,4.069971442222595215e-01,7.679581046104431152e-01,1.352566003799438477e+00,1.008277177810668945e+00,8.658220171928405762e-01,-6.773324608802795410e-01,8.382666110992431641e-01,1.246543407440185547e+00,1.237228155136108398e+00,7.641418576240539551e-01,7.359780669212341309e-01,1.634671568870544434e+00,1.580666661262512207e+00,-1.080272316932678223e+00,-5.766461491584777832e-01,8.778088092803955078e-01,5.023895502090454102e-01,6.835283637046813965e-01,7.734612822532653809e-01,5.096212625503540039e-01,1.250367879867553711e+00,-2.689614892005920410e-01,-2.499178946018218994e-01,1.882416725158691406e+00,1.918379306793212891e+00,1.989758968353271484e+00,1.897107005119323730e+00,-7.446767091751098633e-01,1.926594734191894531e+00
-5.095177292823791504e-01,2.346695184707641602e+00,4.145953059196472168e-01,-3.053261339664459229e-01,-3.286440372467041016e-01,5.012042522430419922e-01,-1.382111944258213043e-02,6.146370768547058105e-01,8.881440162658691406e-01,8.863438367843627930e-01,5.473197698593139648e-01,6.658965349197387695e-01,-2.615945935249328613e-01,-2.174163162708282471e-01,-2.557011544704437256e-01,-2.895401120185852051e-01,-5.375471115112304688e-01,-3.549805879592895508e-01,-2.654641866683959961e-01,-4.473440647125244141e-01,-6.777608394622802734e-01,-4.751735925674438477e-01,4.710849821567535400e-01,4.885124862194061279e-01,-4.927121400833129883e-01,6.935526728630065918e-01,7.284683585166931152e-01,-1.664329767227172852e-01,8.287265300750732422e-01,7.255102396011352539e-01,9.734325408935546875e-01,9.312299489974975586e-01,7.523785233497619629e-01,-8.150566220283508301e-01,5.344240069389343262e-01,-2.226142585277557373e-01,-6.317381262779235840e-01,-7.577968239784240723e-01,-8.061726093292236328e-01,9.565531611442565918e-01,2.088305056095123291e-01,-1.217424273490905762e+00,-6.606424450874328613e-01,8.561943769454956055e-01,-4.759418964385986328e-01,6.460216641426086426e-01,6.097212433815002441e-01,3.366472423076629639e-01,1.227176070213317871e+00,-2.569850087165832520e-01,-2.509357035160064697e-01,1.890148520469665527e+00,1.940050005912780762e+00,1.988814353942871094e+00,1.940490484237670898e+00,-7.134339213371276855e-01,1.940590858459472656e+00
-5.037515759468078613e-01,2.333963632583618164e+00,3.574944138526916504e-01,-2.208476215600967407e-01,-3.218403160572052002e-01,4.861092567443847656e-01,-1.116036251187324524e-02,6.006034016609191895e-01,8.938412070274353027e-01,8.986777067184448242e-01,5.373975634574890137e-01,6.937867403030395508e-01,-2.336575090885162354e-01,-5.829050019383430481e-02,-2.234207838773727417e-01,-2.417055219411849976e-01,-5.308527350425720215e-01,-2.495947778224945068e-01,-2.304013371467590332e-01,-4.131982028484344482e-01,-5.524199008941650391e-01,-9.263932108879089355e-01,9.165118336677551270e-01,4.846009612083435059e-01,-4.758096337318420410e-01,7.540825009346008301e-01,3.407164216041564941e-01,8.177056908607482910e-02,8.624024391174316406e-01,4.594709277153015137e-01,3.015405237674713135e-01,3.106635510921478271e-01,3.082802295684814453e-01,-6.382184028625488281e-01,2.670630812644958496e-02,-3.739320039749145508e-01,-9.494798183441162109e-01,-7.607710361480712891e-01,-8.340998888015747070e-01,6.351298689842224121e-01,-4.258667528629302979e-01,-1.191403746604919434e+00,-5.989260077476501465e-01,3.314477801322937012e-01,-7.650314569473266602e-01,5.915664434432983398e-01,5.920059680938720703e-01,4.764853119850158691e-01,1.162062168121337891e+00,-2.568132877349853516e-01,-2.521283924579620361e-01,1.886292338371276855e+00,1.922310829162597656e+00,1.976025581359863281e+00,1.931785941123962402e+00,-7.095279693603515625e-01,1.942697644233703613e+00
-5.098812580108642578e-01,2.335071563720703125e+00,4.920227825641632080e-01,-3.959822356700897217e-01,-3.192613124847412109e-01,5.154343843460083008e-01,-2.100408822298049927e-02,6.359963417053222656e-01,8.861560225486755371e-01,8.816467523574829102e-01,5.745187401771545410e-01,6.324186325073242188e-01,-2.922016084194183350e-01,-3.614007830619812012e-01,-2.818747460842132568e-01,-3.375178873538970947e-01,-5.336050987243652344e-01,-4.562289714813232422e-01,-3.017064630985260010e-01,-4.490694403648376465e-01,-7.713345885276794434e-01,-5.256306007504463196e-02,6.000389903783798218e-02,4.869915246963500977e-01,-5.139679908752441406e-01,6.119381785392761230e-01,1.028729557991027832e+00,-4.261869490146636963e-01,7.076248526573181152e-01,9.073870182037353516e-01,1.470411181449890137e+00,1.406729340553283691e+00,1.087894320487976074e+00,-9.148903489112854004e-01,8.987497091293334961e-01,5.147931724786758423e-02,-1.701086014509201050e-01,-6.182141900062561035e-01,-6.238354444503784180e-01,1.346035957336425781e+00,9.014302492141723633e-01,-1.199408173561096191e+00,-6.534479856491088867e-01,1.247868537902832031e+00,-4.334719479084014893e-02,6.792145371437072754e-01,6.260342597961425781e-01,2.305711507797241211e-01,1.266466975212097168e+00,-2.595867216587066650e-01,-2.527222931385040283e-01,1.883364200592041016e+00,1.946685314178466797e+00,2.005269765853881836e+00,1.925040245056152344e+00,-7.284873723983764648e-01,1.921457648277282715e+00
-4.968749582767486572e-01,2.319025754928588867e+00,2.989860773086547852e-01,-2.580453157424926758e-01,-3.152745962142944336e-01,4.942291378974914551e-01,-2.616960369050502777e-02,6.209454536437988281e-01,8.816165924072265625e-01,9.221674203872680664e-01,5.764203667640686035e-01,6.737604141235351562e-01,-2.506454586982727051e-01,1.665035262703895569e-03,-2.423053383827209473e-01,-2.347251921892166138e-01,-5.303537249565124512e-01,-2.372306883335113525e-01,-2.521897852420806885e-01,-1.782322525978088379e-01,-2.759500443935394287e-01,-9.669939875602722168e-01,9.836518764495849609e-01,5.214920639991760254e-01,-5.011883378028869629e-01,4.679890573024749756e-01,1.028753995895385742e+00,-5.694059729576110840e-01,4.037335216999053955e-01,7.642849087715148926e-01,1.348916292190551758e+00,9.993034601211547852e-01,8.608371019363403320e-01,-6.745481491088867188e-01,8.336817622184753418e-01,1.261588335037231445e+00,1.254271030426025391e+00,7.811145782470703125e-01,7.538914084434509277e-01,1.638038039207458496e+00,1.588005542755126953e+00,-1.079542160034179688e+00,-5.754600763320922852e-01,8.690025210380554199e-01,5.079739093780517578e-01,6.828913092613220215e-01,7.764186859130859375e-01,5.129197835922241211e-01,1.250818133354187012e+00,-2.695769369602203369e-01,-2.496569752693176270e-01,1.883918285369873047e+00,1.919990777969360352e+00,1.991151094436645508e+00,1.898772001266479492e+00,-7.446661591529846191e-01,1.927383184432983398e+00
-4.951504170894622803e-01,2.309131383895874023e+00,3.727470636367797852e-01,-2.237101048231124878e-01,-3.097583055496215820e-01,4.980700612068176270e-01,-2.472119219601154327e-02,6.196907162666320801e-01,8.926164507865905762e-01,9.176886081695556641e-01,5.700529217720031738e-01,6.956472992897033691e-01,-2.325545996427536011e-01,-2.990200743079185486e-02,-2.106314003467559814e-01,-2.362846583127975464e-01,-5.260402560234069824e-01,-2.337400019168853760e-01,-2.314727902412414551e-01,-3.826386630535125732e-01,-5.186630487442016602e-01,-1.013949036598205566e+00,1.008252739906311035e+00,4.774996042251586914e-01,-4.711105525493621826e-01,7.662225961685180664e-01,2.921061217784881592e-02,1.673455834388732910e-01,7.362611293792724609e-01,2.233256101608276367e-01,-2.584480941295623779e-01,-1.886482238769531250e-01,-8.426111936569213867e-02,-4.526574015617370605e-01,-4.070011973381042480e-01,-3.795621395111083984e-01,-9.753314256668090820e-01,-6.828702688217163086e-01,-7.335234284400939941e-01,5.345425009727478027e-01,-6.521165966987609863e-01,-1.095809578895568848e+00,-4.883688390254974365e-01,-1.034394502639770508e-01,-5.761289000511169434e-01,5.212559700012207031e-01,5.741057991981506348e-01,5.353861451148986816e-01,1.050891160964965820e+00,-2.610900402069091797e-01,-2.590824067592620850e-01,1.866357445716857910e+00,1.919631481170654297e+00,1.986190557479858398e+00,1.901193976402282715e+00,-7.241873741149902344e-01,1.921251893043518066e+00
-4.762295782566070557e-01,2.329478979110717773e+00,4.757563471794128418e-01,-5.717359781265258789e-01,-3.576853871345520020e-01,4.870671033859252930e-01,-1.424386166036128998e-02,6.142541170120239258e-01,9.251480102539062500e-01,9.298062324523925781e-01,5.934956669807434082e-01,7.096770405769348145e-01,-2.595386803150177002e-01,-4.940957129001617432e-01,-2.613143324851989746e-01,-3.551984131336212158e-01,-5.141109824180603027e-01,-5.425313711166381836e-01,-2.822758853435516357e-01,-5.837314128875732422e-01,-8.154907822608947754e-01,4.726421236991882324e-01,-4.620637893676757812e-01,4.826762676239013672e-01,-4.753631353378295898e-01,7.983976602554321289e-01,5.489607453346252441e-01,-1.160534322261810303e-01,5.633701086044311523e-01,4.180909991264343262e-01,7.905914187431335449e-01,-3.390881121158599854e-01,2.418520860373973846e-02,-4.434500932693481445e-01,1.670309752225875854e-01,-3.839802443981170654e-01,-4.405372142791748047e-01,-6.935687661170959473e-01,-7.195095419883728027e-01,5.002176165580749512e-01,3.346395492553710938e-01,-8.961640596389770508e-01,2.076920419931411743e-01,-9.347546696662902832e-01,1.412961363792419434e+00,4.824990034103393555e-01,4.780510067939758301e-01,4.832242131233215332e-01,-6.731271743774414062e-02,-2.628827691078186035e-01,-2.619747817516326904e-01,1.869397401809692383e+00,1.932593464851379395e+00,1.969496011734008789e+00,1.906380891799926758e+00,-7.228255867958068848e-01,1.914321184158325195e+00
-4.999302625656127930e-01,2.349828958511352539e+00,2.965719997882843018e-01,-2.632834315299987793e-01,-3.243632912635803223e-01,5.085453391075134277e-01,-3.038719668984413147e-02,6.282970905303955078e-01,8.482290506362915039e-01,8.734096288681030273e-01,4.907866418361663818e-01,6.161140799522399902e-01,-2.526561617851257324e-01,9.515877068042755127e-02,-2.647181153297424316e-01,-2.185057401657104492e-01,-5.198114514350891113e-01,-1.986368298530578613e-01,-2.621752619743347168e-01,-3.352509737014770508e-01,-5.022115111351013184e-01,2.069269567728042603e-01,-2.003255933523178101e-01,5.254526138305664062e-01,-4.981293678283691406e-01,4.878856241703033447e-01,5.320341587066650391e-01,-7.634960412979125977e-01,-4.814022779464721680e-01,1.583959460258483887e-01,1.014352798461914062e+00,-1.984691023826599121e-01,4.166011512279510498e-01,-8.837033808231353760e-02,1.270323693752288818e-01,1.862888574600219727e+00,1.718764185905456543e+00,1.592007160186767578e+00,1.587218284606933594e+00,1.954453229904174805e+00,1.979109406471252441e+00,-7.656544446945190430e-01,-3.361677825450897217e-01,-1.765653789043426514e-01,1.326735496520996094e+00,4.532480835914611816e-01,8.489469885826110840e-01,7.209244966506958008e-01,1.192396402359008789e+00,-2.671621441841125488e-01,-2.440934777259826660e-01,1.895882129669189453e+00,1.938311457633972168e+00,2.003534317016601562e+00,1.919817090034484863e+00,-7.333890795707702637e-01,1.923139452934265137e+00
-5.010914206504821777e-01,2.294150352478027344e+00,3.181450963020324707e-01,-3.333567082881927490e-01,-2.993203997611999512e-01,4.926273822784423828e-01,-1.777051016688346863e-02,6.133109331130981445e-01,9.387729167938232422e-01,9.079782962799072266e-01,6.183865070343017578e-01,7.135413885116577148e-01,-2.331715524196624756e-01,-1.373967826366424561e-01,-2.225064337253570557e-01,-2.546039223670959473e-01,-5.311220288276672363e-01,-3.256818056106567383e-01,-2.251703441143035889e-01,-3.684523105621337891e-01,-5.146920680999755859e-01,-3.794483542442321777e-01,3.698261082172393799e-01,4.426952302455902100e-01,-4.408484399318695068e-01,9.370813369750976562e-01,4.877528250217437744e-01,1.499098911881446838e-02,8.995673656463623047e-01,6.116482615470886230e-01,6.786434054374694824e-01,-5.715990066528320312e-01,-3.146076500415802002e-01,-4.993730187416076660e-01,2.132937461137771606e-01,-8.411329984664916992e-01,-8.616753220558166504e-01,-6.109167337417602539e-01,-6.527041196823120117e-01,-4.957669675350189209e-01,-5.503936409950256348e-01,-9.919605851173400879e-01,-4.811588823795318604e-01,-1.140047311782836914e+00,1.141923308372497559e+00,5.502896904945373535e-01,5.430846810340881348e-01,4.123053848743438721e-01,3.327794373035430908e-03,-2.390750050544738770e-01,-2.567090690135955811e-01,1.851938009262084961e+00,1.896857857704162598e+00,1.973863363265991211e+00,1.875291705131530762e+00,-7.198460102081298828e-01,1.914310574531555176e+00
-5.003056526184082031e-01,2.352383136749267578e+00,2.974065840244293213e-01,-2.658437490463256836e-01,-3.252800703048706055e-01,5.094177722930908203e-01,-3.104336000978946686e-02,6.284005045890808105e-01,8.492059111595153809e-01,8.758088350296020508e-01,4.915270209312438965e-01,6.180055141448974609e-01,-2.539018392562866211e-01,9.283147752285003662e-02,-2.667003571987152100e-01,-2.196442633867263794e-01,-5.204586386680603027e-01,-2.000737190246582031e-01,-2.633669972419738770e-01,-3.422920703887939453e-01,-5.134007334709167480e-01,2.497920244932174683e-01,-2.433884143829345703e-01,5.263719558715820312e-01,-4.972774386405944824e-01,4.850974977016448975e-01,5.351189374923706055e-01,-7.676905989646911621e-01,-4.879918098449707031e-01,1.586953401565551758e-01,1.023816943168640137e+00,-1.994162499904632568e-01,4.219155013561248779e-01,-8.571806550025939941e-02,1.312531381845474243e-01,1.864227890968322754e+00,1.718912720680236816e+00,1.595487952232360840e+00,1.590012907981872559e+00,1.962491750717163086e+00,1.993859410285949707e+00,-7.647715806961059570e-01,-3.266398310661315918e-01,-1.771153658628463745e-01,1.337847471237182617e+00,4.541947245597839355e-01,8.487146496772766113e-01,7.210190892219543457e-01,1.189325213432312012e+00,-2.671102285385131836e-01,-2.449282407760620117e-01,1.898025274276733398e+00,1.938451170921325684e+00,2.005200862884521484e+00,1.920807123184204102e+00,-7.351354360580444336e-01,1.923695087432861328e+00
-4.919650554656982422e-01,2.305086612701416016e+00,6.054636836051940918e-01,-9.017670154571533203e-01,-4.227425456047058105e-01,4.874404072761535645e-01,-1.688166148960590363e-02,6.084722876548767090e-01,-6.072753667831420898e-01,-6.398938894271850586e-01,-1.339047193527221680e+00,-9.878249168395996094e-01,-3.319005668163299561e-01,-8.411550521850585938e-01,-3.661628663539886475e-01,-4.982455074787139893e-01,-5.267706513404846191e-01,-7.922835350036621094e-01,-3.537766039371490479e-01,-1.220274686813354492e+00,-1.496613144874572754e+00,9.798211455345153809e-01,-9.996429085731506348e-01,6.653233170509338379e-01,-6.449860334396362305e-01,8.821277022361755371e-01,4.318980872631072998e-02,-6.640723347663879395e-01,-4.328610897064208984e-01,-5.085181817412376404e-02,4.344748258590698242e-01,-3.790606856346130371e-01,2.235855609178543091e-01,-3.010892271995544434e-01,-5.764204263687133789e-01,1.009068544954061508e-02,-1.432153433561325073e-01,-8.489691615104675293e-01,-8.021866083145141602e-01,1.579324126243591309e+00,1.119078755378723145e+00,-6.300555467605590820e-01,6.487110257148742676e-02,-3.087329864501953125e-01,1.534203290939331055e+00,2.370083034038543701e-01,4.267514944076538086e-01,2.173096239566802979e-01,3.649631440639495850e-01,-2.574492692947387695e-01,-2.434081137180328369e-01,1.856768488883972168e+00,1.858262300491333008e+00,1.946269512176513672e+00,1.864179015159606934e+00,-7.153165340423583984e-01,1.876918315887451172e+00
-4.965085983276367188e-01,2.282963752746582031e+00,6.176372766494750977e-01,-7.979435920715332031e-01,-3.933287858963012695e-01,4.963114261627197266e-01,-1.888608559966087341e-02,6.256224513053894043e-01,6.494005918502807617e-01,6.065481901168823242e-01,2.193188518285751343e-01,3.821883797645568848e-01,-3.194350898265838623e-01,-7.806378006935119629e-01,-3.418954312801361084e-01,-4.296760261058807373e-01,-5.332731604576110840e-01,-7.501060366630554199e-01,-3.263305127620697021e-01,-8.676094412803649902e-01,-1.148172736167907715e+00,1.088055133819580078e+00,-1.094200730323791504e+00,5.184756517410278320e-01,-5.139001607894897461e-01,4.717588126659393311e-01,6.354445815086364746e-01,-1.022803634405136108e-01,2.731712758541107178e-01,2.102065682411193848e-01,7.416908740997314453e-01,5.407357960939407349e-02,4.641432464122772217e-01,-3.346302509307861328e-01,1.359659284353256226e-01,2.530378103256225586e-01,1.925420165061950684e-01,-7.411603927612304688e-01,-7.536321282386779785e-01,1.793457508087158203e+00,1.456764340400695801e+00,-7.850107550621032715e-01,1.167131662368774414e+00,-6.487370133399963379e-01,1.468046545982360840e+00,4.723811745643615723e-01,3.720984458923339844e-01,6.760337948799133301e-01,-1.042898446321487427e-01,-2.488053441047668457e-01,-2.594613432884216309e-01,1.845591664314270020e+00,1.874446392059326172e+00,1.949135303497314453e+00,1.861457347869873047e+00,-7.190262079238891602e-01,1.902143120765686035e+00
