-5.224973559379577637e-01,2.366056442260742188e+00,4.156791567802429199e-01,-4.372115731239318848e-01,-3.400352597236633301e-01,5.237616896629333496e-01,-1.649366691708564758e-02,6.446960568428039551e-01,8.286767005920410156e-01,7.971296906471252441e-01,4.088964462280273438e-01,5.280137062072753906e-01,-2.727744281291961670e-01,-2.835271656513214111e-01,-2.901663184165954590e-01,-3.242462873458862305e-01,-5.557879209518432617e-01,-4.546329379081726074e-01,-3.003453612327575684e-01,-4.970044493675231934e-01,-7.715736031532287598e-01,4.880912303924560547e-01,-4.577001035213470459e-01,5.161577463150024414e-01,-5.147777795791625977e-01,5.922050476074218750e-01,8.347955942153930664e-01,-6.460695862770080566e-01,1.533113420009613037e-01,5.798922181129455566e-01,1.172418236732482910e+00,6.267956495285034180e-01,6.405796408653259277e-01,-5.210092067718505859e-01,5.388765335083007812e-01,8.588320612907409668e-01,8.302005529403686523e-01,3.218264877796173096e-01,2.856564521789550781e-01,1.541143894195556641e+00,1.603229641914367676e+00,-9.401844739913940430e-01,-3.916631340980529785e-01,5.717338919639587402e-01,1.260141611099243164e+00,5.556595921516418457e-01,6.744511127471923828e-01,4.066260159015655518e-01,1.061052799224853516e+00,-2.270807027816772461e-01,-2.479223310947418213e-01,1.867293119430541992e+00,1.935234189033508301e+00,2.002893686294555664e+00,1.955587625503540039e+00,-7.261709570884704590e-01,1.911626338958740234e+00
-5.763745903968811035e-01,2.432801961898803711e+00,6.163349747657775879e-01,-1.093217015266418457e+00,-4.759490191936492920e-01,5.125916600227355957e-01,-2.536122873425483704e-02,6.703390479087829590e-01,-1.583385229110717773e+00,-1.573589920997619629e+00,-2.540664196014404297e+00,-2.040828943252563477e+00,-3.700124025344848633e-01,-1.036026954650878906e+00,-4.306896030902862549e-01,-5.154681801795959473e-01,-5.562415122985839844e-01,-9.231126904487609863e-01,-4.025515913963317871e-01,-1.580669641494750977e+00,-1.881970167160034180e+00,9.769368171691894531e-01,-1.036423087120056152e+00,7.550675272941589355e-01,-8.013198971748352051e-01,3.742087185382843018e-01,6.917364597320556641e-01,-1.865460425615310669e-01,9.028613567352294922e-05,6.774660944938659668e-02,7.406302690505981445e-01,3.125430941581726074e-01,7.545058727264404297e-01,-2.911328375339508057e-01,3.892724588513374329e-02,5.141160488128662109e-01,4.688517749309539795e-01,-1.099059939384460449e+00,-1.040064334869384766e+00,2.203124761581420898e+00,2.042371749877929688e+00,-7.434983849525451660e-01,1.668596982955932617e+00,-4.798974096775054932e-01,1.563722729682922363e+00,4.095052182674407959e-01,3.532562851905822754e-01,6.854387521743774414e-01,-1.709350198507308960e-01,-2.846548557281494141e-01,-2.664477825164794922e-01,2.009878158569335938e+00,2.047335147857666016e+00,2.088474035263061523e+00,2.082507610321044922e+00,-7.423595190048217773e-01,1.963570594787597656e+00
-5.569187402725219727e-01,2.405086278915405273e+00,4.411999583244323730e-01,-5.946262478828430176e-01,-3.381276428699493408e-01,5.184993743896484375e-01,-3.467733785510063171e-02,6.364020109176635742e-01,8.850446939468383789e-01,8.807587623596191406e-01,4.914467334747314453e-01,6.192138791084289551e-01,-2.720445096492767334e-01,-4.493019282817840576e-01,-2.888155281543731689e-01,-3.358548879623413086e-01,-5.475862026214599609e-01,-5.304961800575256348e-01,-2.828661799430847168e-01,-6.489857435226440430e-01,-8.533856272697448730e-01,8.571862578392028809e-01,-8.359635472297668457e-01,5.024841427803039551e-01,-4.935099482536315918e-01,6.469719409942626953e-01,7.826555371284484863e-01,-1.224361285567283630e-01,6.484547853469848633e-01,4.803985059261322021e-01,9.133988022804260254e-01,-9.628062695264816284e-02,2.048502564430236816e-01,-3.942977786064147949e-01,3.946832120418548584e-01,2.701969146728515625e-01,2.679575681686401367e-01,-2.745274007320404053e-01,-3.318603932857513428e-01,9.443619251251220703e-01,9.322801232337951660e-01,-9.274018406867980957e-01,5.472326278686523438e-01,-8.513163924217224121e-01,1.387882351875305176e+00,5.299280881881713867e-01,5.148475170135498047e-01,6.717562079429626465e-01,1.089887470006942749e-01,-2.729345262050628662e-01,-2.579501867294311523e-01,1.938900709152221680e+00,1.988000988960266113e+00,2.061891317367553711e+00,2.004045724868774414e+00,-7.596295475959777832e-01,1.992665052413940430e+00
-5.442618131637573242e-01,2.448556900024414062e+00,3.034239411354064941e-01,-2.903437614440917969e-01,-2.999481558799743652e-01,5.343562364578247070e-01,-1.889606937766075134e-02,6.397896409034729004e-01,9.244481325149536133e-01,9.128543138504028320e-01,5.384792089462280273e-01,6.546607613563537598e-01,-2.220742553472518921e-01,1.304349303245544434e-02,-2.145159542560577393e-01,-2.482254356145858765e-01,-5.761651992797851562e-01,-2.677620649337768555e-01,-2.346220612525939941e-01,-3.144246339797973633e-01,-3.965616822242736816e-01,-4.041768610477447510e-01,3.978027105331420898e-01,5.126380920410156250e-01,-4.964416027069091797e-01,7.122967839241027832e-01,6.554701328277587891e-01,-3.502288460731506348e-01,5.106533169746398926e-01,5.131496191024780273e-01,8.814883828163146973e-01,3.766981139779090881e-02,2.802335917949676514e-01,-4.589483439922332764e-01,3.178539872169494629e-01,7.410969138145446777e-01,6.379092931747436523e-01,4.471453130245208740e-01,3.537546396255493164e-01,8.832579255104064941e-01,7.401642203330993652e-01,-1.022493124008178711e+00,-5.340825319290161133e-01,-2.883440256118774414e-01,8.164526820182800293e-01,5.766789317131042480e-01,7.111279964447021484e-01,5.680236816406250000e-01,9.891125559806823730e-01,-2.827353179454803467e-01,-2.754522562026977539e-01,1.979130029678344727e+00,2.025586605072021484e+00,2.073756694793701172e+00,2.009413957595825195e+00,-7.578241825103759766e-01,2.001347064971923828e+00
-5.569666028022766113e-01,2.366456508636474609e+00,4.023127257823944092e-01,-2.547612190246582031e-01,-3.178012371063232422e-01,5.381314158439636230e-01,-2.060949429869651794e-02,6.599249243736267090e-01,9.214414358139038086e-01,8.905673623085021973e-01,5.327332615852355957e-01,7.061965465545654297e-01,-2.370509356260299683e-01,-8.076074719429016113e-02,-2.460646331310272217e-01,-2.328937500715255737e-01,-5.620195865631103516e-01,-2.685686349868774414e-01,-2.338268756866455078e-01,-4.326655566692352295e-01,-5.428549051284790039e-01,-8.776810169219970703e-01,8.690129518508911133e-01,4.607926607131958008e-01,-4.802580773830413818e-01,9.050769209861755371e-01,-3.004367351531982422e-01,1.358182728290557861e-01,6.654694676399230957e-01,9.663602709770202637e-02,-1.125730872154235840e+00,-6.497225761413574219e-01,-6.106296777725219727e-01,-3.203305006027221680e-01,-8.740033507347106934e-01,-6.171977519989013672e-01,-1.249571084976196289e+00,-7.563118338584899902e-01,-7.795638442039489746e-01,3.474858403205871582e-01,-8.766167759895324707e-01,-1.018857240676879883e+00,-6.422157883644104004e-01,-4.078423380851745605e-01,-1.495273411273956299e-01,4.452850520610809326e-01,5.601211786270141602e-01,5.010914802551269531e-01,9.784538745880126953e-01,-2.872576713562011719e-01,-2.733685374259948730e-01,1.976243615150451660e+00,1.995333433151245117e+00,1.992891550064086914e+00,2.002272367477416992e+00,-7.376074194908142090e-01,1.978565454483032227e+00
-5.400910377502441406e-01,2.382568359375000000e+00,5.900788307189941406e-01,-8.175013661384582520e-01,-4.050132930278778076e-01,5.250865817070007324e-01,-3.078452125191688538e-02,6.467967629432678223e-01,3.027475178241729736e-01,3.116661310195922852e-01,-2.366292625665664673e-01,1.905083656311035156e-03,-3.106622397899627686e-01,-7.376855015754699707e-01,-3.498251736164093018e-01,-4.276268482208251953e-01,-5.610346794128417969e-01,-7.581965923309326172e-01,-3.524419069290161133e-01,-8.935388326644897461e-01,-1.197680115699768066e+00,8.440929055213928223e-01,-8.633249998092651367e-01,5.340443849563598633e-01,-5.466763377189636230e-01,7.704787850379943848e-01,4.282761216163635254e-01,-3.075521588325500488e-01,2.757959663867950439e-01,2.873676419258117676e-01,6.644945740699768066e-01,-2.123054265975952148e-01,2.309966981410980225e-01,-3.581350445747375488e-01,-5.281910672783851624e-02,-3.348941206932067871e-01,-4.327250421047210693e-01,-9.550717473030090332e-01,-9.353241324424743652e-01,1.084829807281494141e+00,8.051280975341796875e-01,-7.737174630165100098e-01,3.723741173744201660e-01,-7.962530851364135742e-01,1.630234003067016602e+00,3.825550079345703125e-01,4.014889001846313477e-01,4.858176708221435547e-01,-9.464307129383087158e-02,-2.824147343635559082e-01,-2.672631144523620605e-01,1.956151366233825684e+00,1.976760864257812500e+00,2.031757354736328125e+00,1.991486787796020508e+00,-7.430042624473571777e-01,1.982230424880981445e+00
-5.192273855209350586e-01,2.191350936889648438e+00,3.468268215656280518e-01,-4.046395123004913330e-01,-3.181491792201995850e-01,4.689311981201171875e-01,7.095452398061752319e-03,5.851322412490844727e-01,6.816676855087280273e-01,7.366149425506591797e-01,3.689805865287780762e-01,5.301778316497802734e-01,-2.606714069843292236e-01,-2.368921190500259399e-01,-2.424630373716354370e-01,-2.552429437637329102e-01,-5.007443428039550781e-01,-4.046484231948852539e-01,-2.408191263675689697e-01,-5.469154715538024902e-01,-6.892002820968627930e-01,-3.858351707458496094e-01,3.423018157482147217e-01,4.732602536678314209e-01,-4.777669310569763184e-01,9.054194688796997070e-01,2.046446502208709717e-01,4.155046492815017700e-02,5.867135524749755859e-01,2.963041961193084717e-01,2.237260937690734863e-01,-4.322512447834014893e-01,-2.129383534193038940e-01,-4.036913812160491943e-01,-1.697246432304382324e-01,-5.886573791503906250e-01,-9.603103995323181152e-01,-7.077568173408508301e-01,-6.591768264770507812e-01,2.542740106582641602e-01,-3.486856222152709961e-01,-9.230327010154724121e-01,-3.473894298076629639e-01,-5.437779426574707031e-01,3.375117480754852295e-01,4.462518692016601562e-01,5.060379505157470703e-01,3.849418759346008301e-01,3.732012808322906494e-01,-2.294314205646514893e-01,-2.292162477970123291e-01,1.701665043830871582e+00,1.794553279876708984e+00,1.836162090301513672e+00,1.814621090888977051e+00,-6.869727373123168945e-01,1.782185316085815430e+00
-5.335980653762817383e-01,2.364807367324829102e+00,2.989043593406677246e-01,-2.814535796642303467e-01,-2.986304163932800293e-01,5.099164247512817383e-01,-3.334136679768562317e-02,6.282797455787658691e-01,9.199727773666381836e-01,8.833581805229187012e-01,5.179794430732727051e-01,6.331118345260620117e-01,-2.114882767200469971e-01,2.069400250911712646e-02,-2.390553802251815796e-01,-2.429658323526382446e-01,-5.350813865661621094e-01,-2.454639226198196411e-01,-2.264414578676223755e-01,-3.148640096187591553e-01,-4.088216423988342285e-01,-1.713511645793914795e-01,1.947436481714248657e-01,5.088220834732055664e-01,-4.977658689022064209e-01,6.194056272506713867e-01,6.445881724357604980e-01,-5.999288558959960938e-01,6.403924524784088135e-02,3.908298611640930176e-01,9.313455224037170410e-01,2.462936565279960632e-02,3.728657960891723633e-01,-3.203888833522796631e-01,2.499885261058807373e-01,1.322877883911132812e+00,1.291906118392944336e+00,1.047851800918579102e+00,1.004015445709228516e+00,1.391061067581176758e+00,1.415705084800720215e+00,-9.058904647827148438e-01,-4.877870976924896240e-01,-4.313532263040542603e-02,1.121145248413085938e+00,4.968862533569335938e-01,7.663153409957885742e-01,6.460421681404113770e-01,1.121538639068603516e+00,-2.672251760959625244e-01,-2.581315636634826660e-01,1.924256205558776855e+00,1.925279259681701660e+00,2.025396585464477539e+00,1.952688574790954590e+00,-7.448430657386779785e-01,1.933636426925659180e+00
-5.110039710998535156e-01,2.262950897216796875e+00,2.725659310817718506e-01,-3.349937796592712402e-01,-2.954246997833251953e-01,5.085254907608032227e-01,-2.972520515322685242e-02,6.292835474014282227e-01,8.499749302864074707e-01,8.387401700019836426e-01,4.721580147743225098e-01,6.050864458084106445e-01,-2.159293889999389648e-01,-1.578095108270645142e-01,-2.081468105316162109e-01,-2.387743443250656128e-01,-5.432308912277221680e-01,-3.622065782546997070e-01,-2.166661322116851807e-01,-4.136074185371398926e-01,-4.977521896362304688e-01,-9.834499359130859375e-01,9.815214872360229492e-01,4.419555962085723877e-01,-4.290215671062469482e-01,8.989937305450439453e-01,4.636030793190002441e-01,1.272583007812500000e-01,9.477382898330688477e-01,5.478161573410034180e-01,5.927713513374328613e-01,-4.679495990276336670e-01,-2.095816880464553833e-01,-4.867413938045501709e-01,1.695998013019561768e-01,-8.090571761131286621e-01,-9.496579766273498535e-01,-6.936767697334289551e-01,-7.439275979995727539e-01,-3.780798316001892090e-01,-6.435586214065551758e-01,-1.007260680198669434e+00,-3.836258351802825928e-01,-1.011207699775695801e+00,6.986072063446044922e-01,5.190767645835876465e-01,5.019816160202026367e-01,4.504674077033996582e-01,7.753629237413406372e-02,-2.597431540489196777e-01,-2.536881864070892334e-01,1.817423582077026367e+00,1.889519453048706055e+00,1.918323159217834473e+00,1.873660445213317871e+00,-7.269502878189086914e-01,1.870068788528442383e+00
-4.984247684478759766e-01,2.259263992309570312e+00,5.345658063888549805e-01,-8.323100209236145020e-01,-4.199467301368713379e-01,5.014541149139404297e-01,-1.864442601799964905e-02,5.907736420631408691e-01,-1.129512071609497070e+00,-1.126202106475830078e+00,-1.944270849227905273e+00,-1.509666204452514648e+00,-3.193607926368713379e-01,-7.459161281585693359e-01,-3.521032631397247314e-01,-4.483673870563507080e-01,-5.309829711914062500e-01,-7.637382149696350098e-01,-3.549230396747589111e-01,-1.300822019577026367e+00,-1.564875483512878418e+00,9.182075858116149902e-01,-9.593610167503356934e-01,6.742396950721740723e-01,-6.558958888053894043e-01,5.108301043510437012e-01,5.749094486236572266e-01,-3.544407784938812256e-01,-8.182912319898605347e-02,1.520772725343704224e-01,6.725121140480041504e-01,1.813938766717910767e-01,5.195791721343994141e-01,-3.148050606250762939e-01,5.968066304922103882e-02,5.008955597877502441e-01,4.655751287937164307e-01,-6.526643633842468262e-01,-6.454758644104003906e-01,1.615195989608764648e+00,1.603507637977600098e+00,-7.320335507392883301e-01,8.082600235939025879e-01,-2.299799025058746338e-01,1.475917100906372070e+00,3.283072412014007568e-01,3.923200964927673340e-01,4.637525975704193115e-01,1.712750643491744995e-01,-2.688758373260498047e-01,-2.515087127685546875e-01,1.743340849876403809e+00,1.826157569885253906e+00,1.833841800689697266e+00,1.844860672950744629e+00,-7.277498245239257812e-01,1.827534914016723633e+00
-5.151875615119934082e-01,2.352625370025634766e+00,5.353747606277465820e-01,-6.884236931800842285e-01,-3.668167591094970703e-01,4.768556058406829834e-01,-1.503762230277061462e-02,5.982657074928283691e-01,6.952340900897979736e-02,4.881620407104492188e-02,-5.293307304382324219e-01,-2.521795630455017090e-01,-3.013735115528106689e-01,-6.590505242347717285e-01,-3.247541189193725586e-01,-4.025065004825592041e-01,-5.440180897712707520e-01,-6.888998746871948242e-01,-3.379624783992767334e-01,-9.018408060073852539e-01,-1.188787698745727539e+00,6.780210733413696289e-01,-6.821675300598144531e-01,6.085499525070190430e-01,-5.545834898948669434e-01,8.735982775688171387e-01,3.813022971153259277e-01,-6.235138773918151855e-01,3.497169166803359985e-02,3.161667883396148682e-01,7.562178373336791992e-01,2.356623113155364990e-01,2.976247966289520264e-01,-5.641564726829528809e-01,-1.209488231688737869e-02,-2.226654142141342163e-01,-3.458950519561767578e-01,-8.568760156631469727e-01,-8.173205256462097168e-01,1.030488967895507812e+00,7.933625578880310059e-01,-8.472563028335571289e-01,-6.276669502258300781e-01,2.548729777336120605e-01,1.201930999755859375e+00,3.733563423156738281e-01,5.145781040191650391e-01,1.227009892463684082e-01,7.215433120727539062e-01,-2.819148898124694824e-01,-2.569450736045837402e-01,1.893474936485290527e+00,1.935777425765991211e+00,1.973331809043884277e+00,1.971388339996337891e+00,-7.228912115097045898e-01,1.932838439941406250e+00
-5.097168087959289551e-01,2.318089246749877930e+00,3.152570128440856934e-01,-2.270685583353042603e-01,-3.036381006240844727e-01,4.780395030975341797e-01,-1.306508854031562805e-02,6.126183867454528809e-01,8.484723567962646484e-01,8.580860495567321777e-01,4.946212768554687500e-01,6.046619415283203125e-01,-2.324248850345611572e-01,-4.351186379790306091e-02,-2.084620147943496704e-01,-2.242455780506134033e-01,-5.294994115829467773e-01,-2.689595520496368408e-01,-2.241476476192474365e-01,-3.789366781711578369e-01,-5.030251145362854004e-01,-1.168780684471130371e+00,1.184298038482666016e+00,4.666196405887603760e-01,-4.855567812919616699e-01,7.525657415390014648e-01,3.230650424957275391e-01,1.119234114885330200e-01,8.664043545722961426e-01,4.929423928260803223e-01,3.830191791057586670e-01,1.979366987943649292e-01,2.460954487323760986e-01,-6.106021404266357422e-01,2.633782103657722473e-02,-4.526770412921905518e-01,-9.726280570030212402e-01,-7.079257369041442871e-01,-7.214738130569458008e-01,5.327212214469909668e-01,-4.894194602966308594e-01,-1.145613670349121094e+00,-6.094167828559875488e-01,2.217672020196914673e-01,-7.561550140380859375e-01,5.811805129051208496e-01,5.806380510330200195e-01,4.408667385578155518e-01,1.003647804260253906e+00,-2.504083514213562012e-01,-2.500905394554138184e-01,1.861325740814208984e+00,1.887794137001037598e+00,1.975796103477478027e+00,1.919589042663574219e+00,-7.366257905960083008e-01,1.899399280548095703e+00
-4.944611489772796631e-01,2.364459514617919922e+00,3.734272122383117676e-01,-2.718827724456787109e-01,-3.224964737892150879e-01,5.055066943168640137e-01,-1.893542334437370300e-02,6.225469112396240234e-01,8.628142476081848145e-01,8.872855305671691895e-01,5.241168737411499023e-01,6.132098436355590820e-01,-2.488813996315002441e-01,-1.280693858861923218e-01,-2.102315723896026611e-01,-2.588739097118377686e-01,-5.630228519439697266e-01,-3.330857157707214355e-01,-2.426770180463790894e-01,-4.343330562114715576e-01,-5.459583401679992676e-01,-7.549253702163696289e-01,7.678537964820861816e-01,5.010347366333007812e-01,-4.921253025531768799e-01,8.386191129684448242e-01,1.699994131922721863e-02,-2.323111519217491150e-02,6.725514531135559082e-01,2.855534553527832031e-01,-3.835648596286773682e-01,-2.031220495700836182e-01,-2.208153754472732544e-01,-4.669204652309417725e-01,-4.515015482902526855e-01,-4.307835400104522705e-01,-8.755263090133666992e-01,-6.670678853988647461e-01,-6.792185306549072266e-01,4.975829422473907471e-01,-4.730437994003295898e-01,-1.036915779113769531e+00,-6.852019429206848145e-01,-1.547786295413970947e-01,-6.329811364412307739e-02,4.868862628936767578e-01,5.804601907730102539e-01,3.971680998802185059e-01,9.239860177040100098e-01,-2.765429019927978516e-01,-2.698506712913513184e-01,1.980989336967468262e+00,1.974376201629638672e+00,2.041735649108886719e+00,1.968870759010314941e+00,-7.433142066001892090e-01,1.958186388015747070e+00
-5.350469946861267090e-01,2.449048757553100586e+00,3.747859001159667969e-01,-3.185948729515075684e-01,-3.217323422431945801e-01,5.188287496566772461e-01,-1.525191590189933777e-02,6.596982479095458984e-01,9.129549264907836914e-01,9.266165494918823242e-01,5.461421012878417969e-01,6.539853215217590332e-01,-2.509435117244720459e-01,-1.883415728807449341e-01,-2.571754753589630127e-01,-2.801547646522521973e-01,-5.483739376068115234e-01,-3.420094251632690430e-01,-2.582549154758453369e-01,-4.471946358680725098e-01,-5.932393074035644531e-01,-5.230675339698791504e-01,5.247914791107177734e-01,5.110116004943847656e-01,-5.189576745033264160e-01,8.403477072715759277e-01,4.410136938095092773e-01,-1.429717093706130981e-01,7.851977348327636719e-01,5.565324425697326660e-01,4.496820867061614990e-01,3.374195098876953125e-01,2.446088492870330811e-01,-6.675750017166137695e-01,1.093302965164184570e-01,-2.997585237026214600e-01,-6.417768001556396484e-01,-6.025057435035705566e-01,-6.310654282569885254e-01,6.321333646774291992e-01,-1.048459932208061218e-01,-1.149965286254882812e+00,-7.839812636375427246e-01,2.765568196773529053e-01,-4.410851746797561646e-02,5.766465067863464355e-01,6.290623545646667480e-01,3.661811649799346924e-01,1.124155998229980469e+00,-2.770205736160278320e-01,-2.638877034187316895e-01,1.995291352272033691e+00,2.044465303421020508e+00,2.103659629821777344e+00,2.059973716735839844e+00,-7.729511857032775879e-01,2.060494661331176758e+00
-4.767851233482360840e-01,2.369617462158203125e+00,3.995020687580108643e-01,-3.646949231624603271e-01,-3.315411210060119629e-01,5.192809104919433594e-01,-1.275924220681190491e-02,6.405000686645507812e-01,9.610314965248107910e-01,9.851448535919189453e-01,6.264955401420593262e-01,7.353998422622680664e-01,-2.522017657756805420e-01,-2.035515308380126953e-01,-2.484910935163497925e-01,-2.938682436943054199e-01,-5.547215938568115234e-01,-3.289189934730529785e-01,-2.514181435108184814e-01,-3.756242990493774414e-01,-5.906900763511657715e-01,5.851812660694122314e-02,-4.190711304545402527e-02,4.757313132286071777e-01,-4.754460453987121582e-01,6.147775053977966309e-01,9.885887503623962402e-01,-4.628358185291290283e-01,6.241849660873413086e-01,8.203059434890747070e-01,1.362894535064697266e+00,8.850788474082946777e-01,8.155349493026733398e-01,-7.087691426277160645e-01,8.058900833129882812e-01,4.564062654972076416e-01,4.929931759834289551e-01,7.855893671512603760e-02,3.364096581935882568e-02,1.176672816276550293e+00,1.150055527687072754e+00,-1.096158027648925781e+00,-4.407995343208312988e-01,6.180759668350219727e-01,6.473993659019470215e-01,6.339522004127502441e-01,6.610811948776245117e-01,4.176117181777954102e-01,9.866132140159606934e-01,-2.669329345226287842e-01,-2.701424658298492432e-01,1.895952701568603516e+00,1.963451027870178223e+00,1.963027119636535645e+00,1.948952913284301758e+00,-7.481753230094909668e-01,1.990630626678466797e+00
-5.014119744300842285e-01,2.235308408737182617e+00,5.633805394172668457e-01,-8.709448575973510742e-01,-4.182007014751434326e-01,4.978645741939544678e-01,-2.165805175900459290e-02,5.931193828582763672e-01,-5.972812175750732422e-01,-5.860757827758789062e-01,-1.267323255538940430e+00,-9.456207752227783203e-01,-3.060769140720367432e-01,-8.348901271820068359e-01,-3.362003266811370850e-01,-4.610248804092407227e-01,-5.229902267456054688e-01,-8.096387386322021484e-01,-3.455255627632141113e-01,-1.215544462203979492e+00,-1.474269628524780273e+00,9.088919758796691895e-01,-9.395174980163574219e-01,6.223263740539550781e-01,-6.409708857536315918e-01,3.421202301979064941e-01,7.199512720108032227e-01,-6.282532960176467896e-02,2.477951347827911377e-01,1.941326260566711426e-01,7.480425834655761719e-01,2.345307171344757080e-01,5.737637877464294434e-01,-2.784478664398193359e-01,1.956902146339416504e-01,3.922157883644104004e-01,3.301846981048583984e-01,-8.672102689743041992e-01,-8.682546615600585938e-01,1.810882091522216797e+00,1.699399709701538086e+00,-7.540008425712585449e-01,1.511509060859680176e+00,-6.548696160316467285e-01,1.394253134727478027e+00,4.307141602039337158e-01,3.353202342987060547e-01,6.720831394195556641e-01,-2.808558940887451172e-01,-2.578533291816711426e-01,-2.684959173202514648e-01,1.765629053115844727e+00,1.813702344894409180e+00,1.903275370597839355e+00,1.831062555313110352e+00,-7.105575203895568848e-01,1.797701835632324219e+00
-5.029805302619934082e-01,2.375905036926269531e+00,2.544602453708648682e-01,-2.332520186901092529e-01,-3.049140274524688721e-01,4.997616410255432129e-01,-2.160643413662910461e-02,6.096320748329162598e-01,8.749821782112121582e-01,9.051134586334228516e-01,5.009458065032958984e-01,6.700131297111511230e-01,-2.427033185958862305e-01,8.654057234525680542e-02,-1.978965401649475098e-01,-2.273341715335845947e-01,-5.284485816955566406e-01,-2.110984325408935547e-01,-2.171711772680282593e-01,-7.570856064558029175e-02,-1.087566390633583069e-01,-1.461344718933105469e+00,1.495397686958312988e+00,4.982845783233642578e-01,-4.887067675590515137e-01,5.289180278778076172e-01,7.720186710357666016e-01,-6.324696540832519531e-01,6.638308614492416382e-02,4.587873220443725586e-01,1.105484247207641602e+00,3.254469037055969238e-01,5.812379121780395508e-01,-3.924458920955657959e-01,4.302002489566802979e-01,1.788311600685119629e+00,1.767712473869323730e+00,1.350484013557434082e+00,1.382551193237304688e+00,1.766186952590942383e+00,1.770309090614318848e+00,-9.739435911178588867e-01,-5.598084330558776855e-01,2.577793896198272705e-01,8.284892439842224121e-01,5.614244937896728516e-01,8.111417889595031738e-01,6.251598000526428223e-01,1.213511228561401367e+00,-2.612630128860473633e-01,-2.740030884742736816e-01,1.912817120552062988e+00,1.874681472778320312e+00,1.985775351524353027e+00,1.891559004783630371e+00,-7.391062378883361816e-01,1.859494209289550781e+00
-4.914580583572387695e-01,2.248585700988769531e+00,3.043907284736633301e-01,-3.254574835300445557e-01,-3.130855560302734375e-01,5.023915171623229980e-01,-2.492433413863182068e-02,6.159321665763854980e-01,7.714171409606933594e-01,7.775215506553649902e-01,3.861922025680541992e-01,5.599173903465270996e-01,-2.191516011953353882e-01,1.153063215315341949e-02,-2.405107319355010986e-01,-2.349116653203964233e-01,-5.385428667068481445e-01,-2.773432731628417969e-01,-2.365975230932235718e-01,-4.038832187652587891e-01,-5.857316255569458008e-01,4.650927484035491943e-01,-4.353253245353698730e-01,5.013870000839233398e-01,-5.035840868949890137e-01,5.132102966308593750e-01,6.229696869850158691e-01,-7.879991531372070312e-01,-3.642908036708831787e-01,2.559635937213897705e-01,1.144821405410766602e+00,-8.661333471536636353e-03,4.707409143447875977e-01,-1.335842907428741455e-01,2.128025889396667480e-01,1.740161657333374023e+00,1.622800707817077637e+00,1.374147772789001465e+00,1.357919812202453613e+00,1.811295866966247559e+00,1.913324117660522461e+00,-7.540544271469116211e-01,-1.972211301326751709e-01,-5.223819985985755920e-03,1.342837214469909668e+00,4.098584353923797607e-01,7.777616977691650391e-01,6.830670237541198730e-01,1.070660591125488281e+00,-2.637311220169067383e-01,-2.399234771728515625e-01,1.851024270057678223e+00,1.887338280677795410e+00,1.891842365264892578e+00,1.884283185005187988e+00,-6.973536014556884766e-01,1.864838361740112305e+00
-5.295485258102416992e-01,2.421782255172729492e+00,2.580700218677520752e-01,-2.676520049571990967e-01,-2.900846600532531738e-01,5.313740968704223633e-01,-2.693727239966392517e-02,6.470378041267395020e-01,9.184350371360778809e-01,8.928560614585876465e-01,5.257176160812377930e-01,6.438815593719482422e-01,-2.100501209497451782e-01,4.337267577648162842e-02,-2.138807475566864014e-01,-2.428837120532989502e-01,-5.615677833557128906e-01,-2.494149655103683472e-01,-2.040305137634277344e-01,-2.855938673019409180e-01,-3.128720521926879883e-01,-5.175395607948303223e-01,5.668351054191589355e-01,4.838831424713134766e-01,-5.127508044242858887e-01,7.605262994766235352e-01,4.759248495101928711e-01,-2.142410129308700562e-01,4.741906523704528809e-01,4.156649708747863770e-01,6.639376878738403320e-01,-3.708612620830535889e-01,7.761135697364807129e-02,-3.465972542762756348e-01,1.182916164398193359e-01,5.986374020576477051e-01,4.668921530246734619e-01,4.441219866275787354e-01,3.004019260406494141e-01,6.580010652542114258e-01,4.107611775398254395e-01,-9.492229819297790527e-01,-5.134385228157043457e-01,-6.998688578605651855e-01,8.499724864959716797e-01,5.327897071838378906e-01,7.047529220581054688e-01,5.928180217742919922e-01,8.137776255607604980e-01,-2.698388695716857910e-01,-2.710460424423217773e-01,1.987279534339904785e+00,2.005792856216430664e+00,2.034453392028808594e+00,1.996440410614013672e+00,-7.495006918907165527e-01,2.024153470993041992e+00
-5.407518744468688965e-01,2.459015369415283203e+00,4.619443416595458984e-01,-6.415939331054687500e-01,-3.633610904216766357e-01,5.331826806068420410e-01,-2.916105464100837708e-02,6.217247843742370605e-01,7.690615057945251465e-01,7.416567802429199219e-01,3.194452226161956787e-01,4.568213820457458496e-01,-3.005309104919433594e-01,-4.493514895439147949e-01,-2.932137250900268555e-01,-3.629905283451080322e-01,-5.776493549346923828e-01,-5.418592691421508789e-01,-2.979222536087036133e-01,-7.369982004165649414e-01,-8.861405849456787109e-01,7.436034679412841797e-01,-7.649723887443542480e-01,5.035792589187622070e-01,-4.859742522239685059e-01,9.179762005805969238e-01,3.828213214874267578e-01,-3.757466077804565430e-01,2.843852937221527100e-01,3.439313173294067383e-01,7.328729033470153809e-01,-4.100475311279296875e-01,-4.034112393856048584e-02,-4.110320508480072021e-01,-1.156448107212781906e-02,-5.168147385120391846e-03,-9.151814877986907959e-02,-3.501622974872589111e-01,-4.029802083969116211e-01,6.745027899742126465e-01,5.038570761680603027e-01,-8.685226440429687500e-01,-2.093646675348281860e-01,-6.376774907112121582e-01,1.416835188865661621e+00,4.008645415306091309e-01,5.406790375709533691e-01,4.255930781364440918e-01,3.877998590469360352e-01,-2.924564480781555176e-01,-2.767298221588134766e-01,1.953700065612792969e+00,2.009055614471435547e+00,2.034273862838745117e+00,1.982978701591491699e+00,-7.741273045539855957e-01,2.009614229202270508e+00
-4.986280202865600586e-01,2.264118671417236328e+00,5.524122714996337891e-01,-8.465257287025451660e-01,-4.170504510402679443e-01,4.929729104042053223e-01,-2.544525638222694397e-02,6.018873453140258789e-01,-3.691701591014862061e-01,-3.431642353534698486e-01,-9.922385811805725098e-01,-7.232001423835754395e-01,-3.185852468013763428e-01,-7.933859825134277344e-01,-3.321259915828704834e-01,-4.459474086761474609e-01,-5.267340540885925293e-01,-7.905560135841369629e-01,-3.427705168724060059e-01,-1.145551204681396484e+00,-1.399238824844360352e+00,9.923894405364990234e-01,-9.828621149063110352e-01,6.158410906791687012e-01,-6.179343461990356445e-01,5.457971096038818359e-01,4.443587064743041992e-01,-2.668122947216033936e-01,5.609032884240150452e-02,1.285500526428222656e-01,6.106448173522949219e-01,-2.983892895281314850e-02,2.846721410751342773e-01,-2.811739146709442139e-01,-7.656271010637283325e-02,1.699535995721817017e-01,3.659760951995849609e-02,-8.423401713371276855e-01,-8.181116580963134766e-01,1.460183382034301758e+00,1.253745198249816895e+00,-7.207490205764770508e-01,8.361504673957824707e-01,-5.751974582672119141e-01,1.461044669151306152e+00,3.499961197376251221e-01,3.779700994491577148e-01,4.967816472053527832e-01,-1.248047500848770142e-02,-2.623533010482788086e-01,-2.626389861106872559e-01,1.797791004180908203e+00,1.846767902374267578e+00,1.936841964721679688e+00,1.861925125122070312e+00,-7.354849576950073242e-01,1.859042406082153320e+00
