-5.350928306579589844e-01,2.369551897048950195e+00,3.514239192008972168e-01,-3.005431294441223145e-01,-3.273340761661529541e-01,5.353742241859436035e-01,-2.445635199546813965e-02,6.392655372619628906e-01,8.366842269897460938e-01,8.403298854827880859e-01,4.944418072700500488e-01,6.087156534194946289e-01,-2.612837851047515869e-01,-8.714753389358520508e-02,-2.383754402399063110e-01,-3.174907565116882324e-01,-5.839941501617431641e-01,-3.229805827140808105e-01,-2.504570186138153076e-01,-3.166824877262115479e-01,-4.576531350612640381e-01,-6.692987680435180664e-01,6.322821974754333496e-01,5.148185491561889648e-01,-5.128846168518066406e-01,5.743278264999389648e-01,1.044408917427062988e+00,-3.251507282257080078e-01,8.035545945167541504e-01,8.627830147743225098e-01,1.361186981201171875e+00,1.125033736228942871e+00,9.189677238464355469e-01,-8.099336028099060059e-01,8.616440892219543457e-01,5.334962606430053711e-01,3.261079490184783936e-01,3.775183856487274170e-02,-2.250008285045623779e-02,1.161584734916687012e+00,8.997964262962341309e-01,-1.242149949073791504e+00,-6.801465153694152832e-01,9.429471492767333984e-01,-2.102913707494735718e-02,6.951613426208496094e-01,6.886967420578002930e-01,4.079924225807189941e-01,1.348576307296752930e+00,-2.748485803604125977e-01,-2.774680256843566895e-01,1.927838087081909180e+00,1.955817937850952148e+00,2.039958953857421875e+00,1.938486218452453613e+00,-7.607816457748413086e-01,1.977498531341552734e+00
-5.190508961677551270e-01,2.454282760620117188e+00,4.110354185104370117e-01,-4.062273204326629639e-01,-3.430666327476501465e-01,5.035462379455566406e-01,-1.390720531344413757e-02,6.390314102172851562e-01,9.454936981201171875e-01,9.084130525588989258e-01,5.484898090362548828e-01,6.965880393981933594e-01,-2.491019517183303833e-01,-1.857052743434906006e-01,-2.522428035736083984e-01,-3.081114888191223145e-01,-5.652549266815185547e-01,-4.099736511707305908e-01,-2.340622246265411377e-01,-4.795328378677368164e-01,-6.788231730461120605e-01,5.908278822898864746e-01,-6.098573207855224609e-01,5.194412469863891602e-01,-5.123462080955505371e-01,8.100993037223815918e-01,6.987174749374389648e-01,-4.092738926410675049e-01,5.315095782279968262e-01,5.856661200523376465e-01,1.027608752250671387e+00,2.275001257658004761e-01,3.536328971385955811e-01,-5.285677313804626465e-01,3.280540108680725098e-01,2.538474500179290771e-01,1.072083786129951477e-01,-8.830959349870681763e-02,-1.924330890178680420e-01,7.044489979743957520e-01,5.641738772392272949e-01,-1.011010766029357910e+00,-5.646901130676269531e-01,-1.394549012184143066e-01,9.447377324104309082e-01,5.390329957008361816e-01,6.383054852485656738e-01,4.170030355453491211e-01,9.480593800544738770e-01,-2.646558284759521484e-01,-2.804986834526062012e-01,2.010073900222778320e+00,1.991150140762329102e+00,2.093518257141113281e+00,2.001980304718017578e+00,-7.325062155723571777e-01,2.011293411254882812e+00
-5.117999315261840820e-01,2.238586425781250000e+00,3.183526098728179932e-01,-2.372446209192276001e-01,-3.007477521896362305e-01,4.779360890388488770e-01,-1.119890436530113220e-02,6.103288531303405762e-01,7.796235680580139160e-01,8.053845167160034180e-01,4.565090537071228027e-01,5.986646413803100586e-01,-2.220422327518463135e-01,6.273087114095687866e-02,-2.358646243810653687e-01,-2.470042854547500610e-01,-5.649051070213317871e-01,-2.001258432865142822e-01,-2.173994183540344238e-01,-2.666675746440887451e-01,-3.197722434997558594e-01,-9.882242679595947266e-01,9.766377210617065430e-01,4.804635047912597656e-01,-4.991771876811981201e-01,6.039845943450927734e-01,6.868845820426940918e-01,-1.573247313499450684e-01,7.124560475349426270e-01,6.264653205871582031e-01,1.036011815071105957e+00,4.368690252304077148e-01,5.655333399772644043e-01,-5.636962652206420898e-01,4.446874260902404785e-01,3.475621342658996582e-01,1.949976384639739990e-02,1.088665798306465149e-02,-4.480680078268051147e-02,6.940869092941284180e-01,1.619728356599807739e-01,-1.126313805580139160e+00,-7.419149875640869141e-01,2.102608084678649902e-01,-1.810392737388610840e-01,6.250286102294921875e-01,6.574789881706237793e-01,5.058170557022094727e-01,1.153024554252624512e+00,-2.463660240173339844e-01,-2.401366233825683594e-01,1.801783919334411621e+00,1.872081637382507324e+00,1.891761779785156250e+00,1.908097863197326660e+00,-7.100055813789367676e-01,1.863457441329956055e+00
-4.995484948158264160e-01,2.299028635025024414e+00,5.471608042716979980e-01,-7.933605909347534180e-01,-4.141166806221008301e-01,4.884803295135498047e-01,-1.215245574712753296e-02,6.036573648452758789e-01,3.767729401588439941e-01,3.777810335159301758e-01,-1.018446832895278931e-01,6.517658382654190063e-02,-3.158694207668304443e-01,-7.437148690223693848e-01,-3.284599781036376953e-01,-4.236577451229095459e-01,-5.348508358001708984e-01,-7.218951582908630371e-01,-3.214371800422668457e-01,-9.366359710693359375e-01,-1.153178095817565918e+00,9.990732669830322266e-01,-1.016462206840515137e+00,5.628677606582641602e-01,-5.711157917976379395e-01,1.030902147293090820e+00,-2.042127847671508789e-01,-6.828966736793518066e-01,-3.146188259124755859e-01,-6.265711039304733276e-02,1.895283758640289307e-01,-5.936545133590698242e-01,-3.761722147464752197e-01,-2.901856601238250732e-01,-7.354184985160827637e-01,-3.255631327629089355e-01,-5.657915472984313965e-01,-8.334906101226806641e-01,-7.760362625122070312e-01,1.023153543472290039e+00,3.531424105167388916e-01,-6.405568122863769531e-01,-5.668874382972717285e-01,-3.397117853164672852e-01,1.503312110900878906e+00,1.892273128032684326e-01,4.405921101570129395e-01,1.201405525207519531e-01,5.928395986557006836e-01,-2.620580196380615234e-01,-2.432299852371215820e-01,1.854349851608276367e+00,1.895002961158752441e+00,1.977005720138549805e+00,1.893781900405883789e+00,-7.203046083450317383e-01,1.920962452888488770e+00
-5.765470862388610840e-01,2.655704736709594727e+00,3.196800649166107178e-01,-2.181541323661804199e-01,-3.111164271831512451e-01,6.095266342163085938e-01,-3.653820604085922241e-02,6.951614618301391602e-01,8.908190727233886719e-01,8.766050338745117188e-01,4.071978926658630371e-01,5.941703319549560547e-01,-2.175667434930801392e-01,9.302985668182373047e-02,-2.979912459850311279e-01,-3.141454160213470459e-01,-6.113979816436767578e-01,-2.691445350646972656e-01,-2.475877702236175537e-01,-3.192894160747528076e-01,-3.521085083484649658e-01,-1.604506850242614746e+00,1.595919609069824219e+00,5.735257863998413086e-01,-5.891903042793273926e-01,5.387077927589416504e-01,1.003262758255004883e+00,-2.073902934789657593e-01,7.546046972274780273e-01,8.818317055702209473e-01,1.817342162132263184e+00,1.049440026283264160e+00,1.062792181968688965e+00,-7.400704622268676758e-01,7.263643741607666016e-01,5.486249327659606934e-01,1.864829361438751221e-01,1.832247972488403320e-01,1.447614580392837524e-01,1.326526641845703125e+00,5.157929658889770508e-01,-1.370420575141906738e+00,-8.046792149543762207e-01,1.024309873580932617e+00,-1.050552845001220703e+00,8.206363320350646973e-01,7.263540625572204590e-01,7.123293876647949219e-01,1.448558092117309570e+00,-2.866412401199340820e-01,-3.069761991500854492e-01,2.104424238204956055e+00,2.218733549118041992e+00,2.191283941268920898e+00,2.220881700515747070e+00,-8.099622726440429688e-01,2.189346313476562500e+00
-5.167578458786010742e-01,2.447965383529663086e+00,5.282136201858520508e-01,-5.623816847801208496e-01,-3.650794029235839844e-01,5.022146105766296387e-01,-1.735819876194000244e-02,6.529517173767089844e-01,8.009297847747802734e-01,8.251951932907104492e-01,3.661738634109497070e-01,5.647461414337158203e-01,-2.979180812835693359e-01,-4.741594791412353516e-01,-3.108136057853698730e-01,-3.600636720657348633e-01,-5.537269711494445801e-01,-5.513016581535339355e-01,-2.902723252773284912e-01,-6.001320481300354004e-01,-8.730137944221496582e-01,3.924966752529144287e-01,-4.077931940555572510e-01,5.472657084465026855e-01,-5.421361327171325684e-01,9.624257087707519531e-01,-4.074045270681381226e-02,-3.521301150321960449e-01,2.177890837192535400e-01,1.622641533613204956e-01,-9.603570401668548584e-02,-3.333185911178588867e-01,-3.126910626888275146e-01,-3.985298275947570801e-01,-5.513566732406616211e-01,-4.553344845771789551e-01,-7.823193073272705078e-01,-8.586413860321044922e-01,-8.137003183364868164e-01,7.351925969123840332e-01,-5.701255053281784058e-02,-9.057224392890930176e-01,-6.086858510971069336e-01,-2.115212976932525635e-01,9.197635054588317871e-01,3.681543469429016113e-01,5.322781801223754883e-01,2.575628757476806641e-01,7.350354194641113281e-01,-2.624426484107971191e-01,-2.496963739395141602e-01,1.983547568321228027e+00,2.016130447387695312e+00,2.065532207489013672e+00,2.031110525131225586e+00,-7.536190748214721680e-01,2.016693115234375000e+00
-4.979354739189147949e-01,2.175445556640625000e+00,3.000352680683135986e-01,-2.949049472808837891e-01,-3.067018091678619385e-01,4.605485498905181885e-01,-1.437809318304061890e-03,6.016978025436401367e-01,8.035724163055419922e-01,7.583572864532470703e-01,5.097827315330505371e-01,5.816403627395629883e-01,-2.193592190742492676e-01,6.238345429301261902e-02,-2.193710952997207642e-01,-2.436232417821884155e-01,-5.536566972732543945e-01,-2.272853553295135498e-01,-2.107237875461578369e-01,-2.839111089706420898e-01,-3.501499593257904053e-01,-5.424780845642089844e-01,5.334677100181579590e-01,4.600380659103393555e-01,-4.809739291667938232e-01,7.078874707221984863e-01,6.615411043167114258e-01,-2.253462970256805420e-01,6.493754386901855469e-01,6.006471514701843262e-01,1.071613430976867676e+00,1.019354313611984253e-01,4.190508127212524414e-01,-4.851605594158172607e-01,4.304421544075012207e-01,3.756803870201110840e-01,2.032474875450134277e-01,1.866495162248611450e-01,1.164720356464385986e-01,4.763731062412261963e-01,2.850920259952545166e-01,-9.967491626739501953e-01,-7.033210992813110352e-01,-2.735304236412048340e-01,4.590876400470733643e-01,5.567123889923095703e-01,6.592616438865661621e-01,4.726954698562622070e-01,9.233703017234802246e-01,-2.372903227806091309e-01,-2.508548498153686523e-01,1.777401804924011230e+00,1.789908528327941895e+00,1.864122509956359863e+00,1.825483083724975586e+00,-6.517811417579650879e-01,1.802455425262451172e+00
-4.919515550136566162e-01,2.281077146530151367e+00,4.744325876235961914e-01,-5.959959626197814941e-01,-3.621254861354827881e-01,4.710541367530822754e-01,-4.822596907615661621e-03,5.954871773719787598e-01,8.635392785072326660e-01,9.153053760528564453e-01,5.724296569824218750e-01,6.682548522949218750e-01,-2.941288948059082031e-01,-5.274109244346618652e-01,-2.779084146022796631e-01,-3.564241230487823486e-01,-5.255893468856811523e-01,-5.619205236434936523e-01,-2.840393483638763428e-01,-5.781678557395935059e-01,-8.166096210479736328e-01,5.991389751434326172e-01,-5.905879735946655273e-01,4.623525738716125488e-01,-4.685668945312500000e-01,5.708314180374145508e-01,8.945899605751037598e-01,1.854196935892105103e-01,8.828505873680114746e-01,5.058149695396423340e-01,9.275898933410644531e-01,-3.614587709307670593e-02,4.170467257499694824e-01,-4.164979755878448486e-01,5.037205815315246582e-01,-1.592884957790374756e-01,-1.832605898380279541e-01,-7.427896261215209961e-01,-7.909904122352600098e-01,9.742459654808044434e-01,9.081836938858032227e-01,-9.191693067550659180e-01,1.085747957229614258e+00,-1.119363784790039062e+00,1.315899848937988281e+00,5.523554682731628418e-01,3.726926147937774658e-01,7.418178319931030273e-01,-4.618363678455352783e-01,-2.498271167278289795e-01,-2.489483058452606201e-01,1.833103299140930176e+00,1.881920218467712402e+00,1.938229680061340332e+00,1.902705550193786621e+00,-6.846701502799987793e-01,1.879257082939147949e+00
-5.169104337692260742e-01,2.316184759140014648e+00,3.845491111278533936e-01,-4.410873651504516602e-01,-3.406709134578704834e-01,4.898664057254791260e-01,-6.935536861419677734e-03,6.076253652572631836e-01,7.726540565490722656e-01,7.966814041137695312e-01,4.453619718551635742e-01,5.608271360397338867e-01,-2.828267812728881836e-01,-2.331009656190872192e-01,-2.603659033775329590e-01,-3.199964761734008789e-01,-5.162674784660339355e-01,-3.913655877113342285e-01,-2.622337639331817627e-01,-5.415078401565551758e-01,-6.434251070022583008e-01,6.380752325057983398e-01,-6.591250896453857422e-01,5.078403353691101074e-01,-5.031849741935729980e-01,6.376488208770751953e-01,6.641576886177062988e-01,-2.656300067901611328e-01,4.173275828361511230e-01,4.161016941070556641e-01,9.946224689483642578e-01,-2.213793098926544189e-01,1.585009992122650146e-01,-2.973166704177856445e-01,2.666033804416656494e-01,6.184722781181335449e-01,5.906659960746765137e-01,2.363113015890121460e-01,1.355920284986495972e-01,8.649427294731140137e-01,9.079357385635375977e-01,-8.747034668922424316e-01,7.434102892875671387e-02,-8.037868142127990723e-01,1.370510578155517578e+00,5.007150769233703613e-01,5.883060097694396973e-01,6.090478897094726562e-01,4.934578537940979004e-01,-2.696127295494079590e-01,-2.531418800354003906e-01,1.889306664466857910e+00,1.897093176841735840e+00,1.950405240058898926e+00,1.924446582794189453e+00,-7.466074228286743164e-01,1.901872038841247559e+00
-5.273241996765136719e-01,2.364705562591552734e+00,3.117565512657165527e-01,-3.407273888587951660e-01,-3.428476750850677490e-01,5.136449337005615234e-01,-1.400265842676162720e-02,6.455520391464233398e-01,8.671849370002746582e-01,8.566955327987670898e-01,4.878486990928649902e-01,6.380189657211303711e-01,-2.499993145465850830e-01,3.823706507682800293e-02,-2.360235154628753662e-01,-2.819784581661224365e-01,-5.568165779113769531e-01,-2.504661381244659424e-01,-2.135145664215087891e-01,-3.835267722606658936e-01,-4.693764746189117432e-01,1.269128620624542236e-01,-1.593958735466003418e-01,5.283896923065185547e-01,-5.615355968475341797e-01,6.391444802284240723e-01,6.428556442260742188e-01,-6.967941522598266602e-01,8.856877684593200684e-03,3.900476396083831787e-01,1.074553728103637695e+00,7.814608514308929443e-02,4.012204408645629883e-01,-3.278809487819671631e-01,2.622559070587158203e-01,1.336226582527160645e+00,1.247391581535339355e+00,1.004474878311157227e+00,9.472466707229614258e-01,1.377349734306335449e+00,1.373361825942993164e+00,-8.847512602806091309e-01,-6.071146130561828613e-01,8.633601479232311249e-03,1.181632995605468750e+00,5.018787980079650879e-01,7.708492875099182129e-01,6.209719181060791016e-01,1.207456469535827637e+00,-2.635303735733032227e-01,-2.588913440704345703e-01,1.907685756683349609e+00,1.913852095603942871e+00,2.035152196884155273e+00,1.942117929458618164e+00,-7.233033776283264160e-01,1.965907335281372070e+00
-5.191328525543212891e-01,2.384649038314819336e+00,4.529528021812438965e-01,-4.679051637649536133e-01,-3.655692636966705322e-01,5.163694620132446289e-01,-2.063017338514328003e-02,6.615787744522094727e-01,8.865563869476318359e-01,8.527126312255859375e-01,4.797390103340148926e-01,6.473805904388427734e-01,-2.895541787147521973e-01,-3.261687159538269043e-01,-2.910956740379333496e-01,-3.303887248039245605e-01,-5.392349362373352051e-01,-4.640869498252868652e-01,-2.581685781478881836e-01,-5.192067027091979980e-01,-7.781436443328857422e-01,6.128163933753967285e-01,-6.246151924133300781e-01,5.404584407806396484e-01,-5.546202659606933594e-01,8.272654414176940918e-01,5.407926440238952637e-01,-4.236235916614532471e-01,4.694030880928039551e-01,5.096773505210876465e-01,8.428415060043334961e-01,2.230554670095443726e-01,3.263126015663146973e-01,-5.410387516021728516e-01,1.959461718797683716e-01,1.169472783803939819e-01,-9.183631092309951782e-02,-3.438841998577117920e-01,-4.163353443145751953e-01,8.453977108001708984e-01,4.951997101306915283e-01,-9.937022924423217773e-01,-5.942701101303100586e-01,7.330588996410369873e-02,8.848550915718078613e-01,5.104730129241943359e-01,6.185404062271118164e-01,3.171994686126708984e-01,9.702866077423095703e-01,-2.428317219018936157e-01,-2.443135082721710205e-01,1.993778705596923828e+00,1.979531168937683105e+00,2.076792240142822266e+00,2.006119251251220703e+00,-7.508857250213623047e-01,2.020140647888183594e+00
-4.518684148788452148e-01,2.229918956756591797e+00,5.297549366950988770e-01,-9.516865015029907227e-01,-4.454042911529541016e-01,4.455342590808868408e-01,-3.338363021612167358e-03,5.621411800384521484e-01,-1.979972004890441895e+00,-2.031506538391113281e+00,-3.063070774078369141e+00,-2.530418395996093750e+00,-3.377735614776611328e-01,-6.519191265106201172e-01,-3.640479445457458496e-01,-4.434354901313781738e-01,-5.499887466430664062e-01,-6.601695418357849121e-01,-3.585046827793121338e-01,-1.481120705604553223e+00,-1.856818914413452148e+00,9.571238160133361816e-01,-8.738444447517395020e-01,8.025785684585571289e-01,-7.884246706962585449e-01,7.213365435600280762e-01,3.853127956390380859e-01,-7.994109988212585449e-01,-4.678545594215393066e-01,9.132225066423416138e-02,9.222390651702880859e-01,7.937798649072647095e-02,6.639278531074523926e-01,-2.897875905036926270e-01,4.148489329963922501e-03,4.358832240104675293e-01,5.907528996467590332e-01,-4.296589493751525879e-01,-4.910498857498168945e-01,1.581561803817749023e+00,1.720945477485656738e+00,-5.471705198287963867e-01,3.164653778076171875e-01,3.285232186317443848e-02,1.532782793045043945e+00,2.076989710330963135e-01,4.224888980388641357e-01,3.193962574005126953e-01,4.730114340782165527e-01,-2.321164011955261230e-01,-2.058208584785461426e-01,1.824260115623474121e+00,1.861484289169311523e+00,1.905812859535217285e+00,1.832069993019104004e+00,-6.769176721572875977e-01,1.874789118766784668e+00
-4.860799908638000488e-01,2.355744600296020508e+00,4.632063508033752441e-01,-6.785989999771118164e-01,-4.084461331367492676e-01,5.014351010322570801e-01,-1.550875976681709290e-02,6.435887813568115234e-01,4.177730381488800049e-01,4.636537730693817139e-01,-4.489602148532867432e-02,1.427367776632308960e-01,-2.998972237110137939e-01,-5.015909075736999512e-01,-3.132076859474182129e-01,-3.891805112361907959e-01,-5.381579995155334473e-01,-5.752397775650024414e-01,-2.890529930591583252e-01,-8.319880366325378418e-01,-1.037724494934082031e+00,9.498410224914550781e-01,-9.819872379302978516e-01,5.639420151710510254e-01,-5.679966807365417480e-01,5.750284194946289062e-01,7.727409601211547852e-01,-2.947477698326110840e-01,3.373898863792419434e-01,3.343163430690765381e-01,1.022031664848327637e+00,1.098564416170120239e-01,3.719215691089630127e-01,-3.334771692752838135e-01,3.027187883853912354e-01,6.730282902717590332e-01,5.872595906257629395e-01,-1.436256915330886841e-01,-2.361254543066024780e-01,1.464344143867492676e+00,1.351623058319091797e+00,-8.016973733901977539e-01,5.837054252624511719e-01,-4.960162937641143799e-01,1.412795543670654297e+00,4.589670896530151367e-01,4.970067441463470459e-01,6.174082756042480469e-01,3.699552416801452637e-01,-2.587588727474212646e-01,-2.487889826297760010e-01,1.923235654830932617e+00,1.950053215026855469e+00,2.021349430084228516e+00,1.961478352546691895e+00,-7.103867530822753906e-01,1.975796103477478027e+00
-4.787419438362121582e-01,2.255208492279052734e+00,5.017083883285522461e-01,-6.342151165008544922e-01,-3.656867742538452148e-01,4.751151800155639648e-01,-1.112591102719306946e-02,5.992175340652465820e-01,8.085895776748657227e-01,8.027310371398925781e-01,4.644986391067504883e-01,5.640337467193603516e-01,-2.753621339797973633e-01,-5.643646121025085449e-01,-3.019509613513946533e-01,-3.551659286022186279e-01,-5.085317492485046387e-01,-5.997995138168334961e-01,-2.735052108764648438e-01,-6.592721343040466309e-01,-8.741165399551391602e-01,9.134405255317687988e-01,-8.892594575881958008e-01,4.766245484352111816e-01,-4.582726061344146729e-01,5.404533147811889648e-01,8.066421747207641602e-01,7.010821998119354248e-02,6.967064738273620605e-01,4.228405952453613281e-01,8.173393607139587402e-01,-1.261925511062145233e-02,3.534813821315765381e-01,-3.685050308704376221e-01,3.738967478275299072e-01,8.875651657581329346e-02,4.586981981992721558e-02,-6.023756861686706543e-01,-6.432479619979858398e-01,1.147697210311889648e+00,1.083679437637329102e+00,-8.568273186683654785e-01,1.077617883682250977e+00,-9.652040600776672363e-01,1.383746623992919922e+00,5.011156201362609863e-01,3.768022358417510986e-01,7.091107368469238281e-01,-3.015955388545989990e-01,-2.450721263885498047e-01,-2.405971288681030273e-01,1.810979127883911133e+00,1.830698966979980469e+00,1.907466769218444824e+00,1.860012054443359375e+00,-6.755730509757995605e-01,1.832143187522888184e+00
-4.986631572246551514e-01,2.229675054550170898e+00,5.293682813644409180e-01,-7.528569102287292480e-01,-3.961935043334960938e-01,4.658908247947692871e-01,-1.755117252469062805e-02,5.881657600402832031e-01,4.260108619928359985e-02,7.435439527034759521e-02,-4.310363531112670898e-01,-2.218663096427917480e-01,-2.987670600414276123e-01,-6.502419710159301758e-01,-3.206873834133148193e-01,-4.003871083259582520e-01,-5.018538236618041992e-01,-6.628550887107849121e-01,-3.233413100242614746e-01,-9.592784643173217773e-01,-1.173898100852966309e+00,9.519538879394531250e-01,-9.954623579978942871e-01,5.555528998374938965e-01,-5.629757642745971680e-01,7.907292246818542480e-01,2.112927436828613281e-01,-3.527448475360870361e-01,3.313869982957839966e-02,5.772123485803604126e-02,5.242190361022949219e-01,-3.866604566574096680e-01,6.141998618841171265e-02,-2.598925232887268066e-01,-2.604059278964996338e-01,-1.044509559869766235e-01,-2.775326073169708252e-01,-7.519139051437377930e-01,-6.975919008255004883e-01,1.119076132774353027e+00,8.091966509819030762e-01,-6.592619419097900391e-01,3.401005864143371582e-01,-6.860259771347045898e-01,1.436372756958007812e+00,2.659963369369506836e-01,3.797088265419006348e-01,4.128259420394897461e-01,6.929701566696166992e-02,-2.492388486862182617e-01,-2.362117767333984375e-01,1.814148426055908203e+00,1.819489836692810059e+00,1.948988914489746094e+00,1.849127650260925293e+00,-7.050076723098754883e-01,1.862813353538513184e+00
-5.245898962020874023e-01,2.302613973617553711e+00,3.817104697227478027e-01,-2.387739270925521851e-01,-3.067004382610321045e-01,5.091724991798400879e-01,-2.348548918962478638e-02,6.108385920524597168e-01,7.586063742637634277e-01,7.510354518890380859e-01,3.893038034439086914e-01,5.107854008674621582e-01,-2.398916035890579224e-01,-1.391077693551778793e-02,-2.339486628770828247e-01,-2.619788944721221924e-01,-5.491822957992553711e-01,-2.657577693462371826e-01,-2.406775057315826416e-01,-3.813323378562927246e-01,-5.184177160263061523e-01,-9.130609631538391113e-01,8.768883347511291504e-01,5.132814645767211914e-01,-4.980476796627044678e-01,8.238099813461303711e-01,-1.568230986595153809e-01,1.490163207054138184e-01,7.455357313156127930e-01,1.743430048227310181e-01,-6.651085019111633301e-01,-4.631797671318054199e-01,-3.460155725479125977e-01,-3.524088263511657715e-01,-5.901200771331787109e-01,-5.304170846939086914e-01,-1.060372233390808105e+00,-6.939141750335693359e-01,-7.227889299392700195e-01,3.657962381839752197e-01,-7.862812280654907227e-01,-1.025389909744262695e+00,-5.120253562927246094e-01,-4.282755255699157715e-01,-2.773425579071044922e-01,4.598684012889862061e-01,5.440135002136230469e-01,5.622318387031555176e-01,8.669558763504028320e-01,-2.577402591705322266e-01,-2.579784989356994629e-01,1.906238198280334473e+00,1.933235764503479004e+00,1.980972051620483398e+00,1.921985387802124023e+00,-7.364378571510314941e-01,1.921383500099182129e+00
-5.117994546890258789e-01,2.319546222686767578e+00,2.775938808917999268e-01,-2.727680504322052002e-01,-3.400240242481231689e-01,5.115947127342224121e-01,-6.535183638334274292e-03,6.280311346054077148e-01,8.946431875228881836e-01,8.853248357772827148e-01,5.768232345581054688e-01,6.888481378555297852e-01,-2.374437749385833740e-01,7.523193210363388062e-02,-2.278162389993667603e-01,-2.748384475708007812e-01,-5.413568615913391113e-01,-2.129890322685241699e-01,-2.180268466472625732e-01,-2.206895202398300171e-01,-2.743089199066162109e-01,-7.734493613243103027e-01,7.720568776130676270e-01,5.263921022415161133e-01,-5.412476062774658203e-01,5.842148065567016602e-01,7.461677193641662598e-01,-4.759204983711242676e-01,3.282220959663391113e-01,5.569408535957336426e-01,1.059544086456298828e+00,3.278943896293640137e-01,5.885390639305114746e-01,-5.123227238655090332e-01,4.352087378501892090e-01,1.163391709327697754e+00,1.005886197090148926e+00,7.848970890045166016e-01,7.807282805442810059e-01,1.268191576004028320e+00,1.113860964775085449e+00,-1.039473891258239746e+00,-7.515566349029541016e-01,2.618264853954315186e-01,5.034797191619873047e-01,5.841033458709716797e-01,7.723030447959899902e-01,6.016847491264343262e-01,1.294048666954040527e+00,-2.617329657077789307e-01,-2.671839892864227295e-01,1.879692792892456055e+00,1.917950272560119629e+00,2.025566339492797852e+00,1.904068112373352051e+00,-7.198937535285949707e-01,1.956056475639343262e+00
-5.130338072776794434e-01,2.334727048873901367e+00,3.251918852329254150e-01,-2.249249815940856934e-01,-3.137204647064208984e-01,5.165548920631408691e-01,-1.871333271265029907e-02,6.291515827178955078e-01,8.093877434730529785e-01,8.180924654006958008e-01,4.632458090782165527e-01,5.634899139404296875e-01,-2.380855083465576172e-01,-1.791018620133399963e-02,-2.242946028709411621e-01,-2.450585514307022095e-01,-5.512841343879699707e-01,-2.444850206375122070e-01,-2.166839540004730225e-01,-3.783698379993438721e-01,-4.725659191608428955e-01,-9.841094017028808594e-01,9.527380466461181641e-01,4.993390142917633057e-01,-5.031344890594482422e-01,6.681941747665405273e-01,6.950197815895080566e-01,7.864040136337280273e-02,1.012657761573791504e+00,7.015903592109680176e-01,1.033864140510559082e+00,7.064452171325683594e-01,6.779710650444030762e-01,-7.282683253288269043e-01,4.637466669082641602e-01,-3.213396072387695312e-01,-8.074778914451599121e-01,-6.593360304832458496e-01,-6.966667175292968750e-01,5.574148297309875488e-01,-3.079396784305572510e-01,-1.257677197456359863e+00,-6.351228356361389160e-01,5.436235666275024414e-01,-9.227917790412902832e-01,6.873342394828796387e-01,5.972566604614257812e-01,4.836848974227905273e-01,1.190259933471679688e+00,-2.703813612461090088e-01,-2.521187663078308105e-01,1.903478860855102539e+00,1.960881471633911133e+00,2.023804903030395508e+00,1.946566581726074219e+00,-7.578211426734924316e-01,1.953813433647155762e+00
-4.680740833282470703e-01,2.233207941055297852e+00,3.631593286991119385e-01,-4.526504576206207275e-01,-3.607366681098937988e-01,4.970673024654388428e-01,-1.313566416501998901e-02,6.184113621711730957e-01,3.091472983360290527e-01,2.802307307720184326e-01,-1.927220672369003296e-01,-1.518294215202331543e-03,-2.397793233394622803e-01,-6.587740778923034668e-02,-2.533407807350158691e-01,-2.935709655284881592e-01,-5.347856879234313965e-01,-3.592746853828430176e-01,-2.686077058315277100e-01,-6.131728887557983398e-01,-7.535296082496643066e-01,5.045526027679443359e-01,-4.707178771495819092e-01,5.651456117630004883e-01,-5.531715750694274902e-01,3.909749984741210938e-01,7.462612390518188477e-01,-5.772943496704101562e-01,-1.636580824851989746e-01,3.328618705272674561e-01,1.136408329010009766e+00,1.734273880720138550e-01,5.389861464500427246e-01,-2.409947365522384644e-01,3.870640695095062256e-01,1.609753012657165527e+00,1.573799967765808105e+00,9.714891314506530762e-01,9.782280921936035156e-01,1.812944054603576660e+00,1.952159643173217773e+00,-7.777045369148254395e-01,1.554275751113891602e-01,-2.278596535325050354e-02,1.253093004226684570e+00,4.595567584037780762e-01,6.678384542465209961e-01,7.193802595138549805e-01,9.013054966926574707e-01,-2.519606649875640869e-01,-2.540072202682495117e-01,1.805988311767578125e+00,1.867910146713256836e+00,1.918774724006652832e+00,1.838114380836486816e+00,-6.770046353340148926e-01,1.845220804214477539e+00
-4.929525852203369141e-01,2.292571544647216797e+00,2.745516002178192139e-01,-3.103111386299133301e-01,-3.191166222095489502e-01,4.934137761592864990e-01,-2.955850213766098022e-03,6.048629283905029297e-01,7.454230189323425293e-01,7.599833011627197266e-01,4.471457600593566895e-01,5.601942539215087891e-01,-2.410473674535751343e-01,8.582482114434242249e-03,-2.116343230009078979e-01,-2.671397626399993896e-01,-5.229042768478393555e-01,-2.686719298362731934e-01,-2.030039727687835693e-01,-3.032451272010803223e-01,-3.807491362094879150e-01,-4.705625399947166443e-02,2.545437216758728027e-02,5.001068711280822754e-01,-4.849708080291748047e-01,7.962563633918762207e-01,6.626148223876953125e-01,-2.111237198114395142e-01,6.737285852432250977e-01,5.096116662025451660e-01,1.053911685943603516e+00,-6.045582294464111328e-01,-2.434846386313438416e-02,-3.412005603313446045e-01,3.888968527317047119e-01,2.563434839248657227e-01,3.940393328666687012e-01,2.998340129852294922e-01,2.035565227270126343e-01,-5.203918367624282837e-02,2.543356418609619141e-01,-9.010178446769714355e-01,-4.811515808105468750e-01,-1.353481054306030273e+00,1.479170083999633789e+00,5.465163588523864746e-01,6.123576164245605469e-01,5.531346201896667480e-01,3.290387690067291260e-01,-2.779144048690795898e-01,-2.464300096035003662e-01,1.872309327125549316e+00,1.889033794403076172e+00,1.951103925704956055e+00,1.913208127021789551e+00,-7.355058193206787109e-01,1.903594017028808594e+00
-5.374234914779663086e-01,2.390047788619995117e+00,2.812296748161315918e-01,-3.129137754440307617e-01,-3.190801739692687988e-01,5.195878744125366211e-01,-2.266880124807357788e-02,6.620634794235229492e-01,8.788655400276184082e-01,8.524243831634521484e-01,5.142668485641479492e-01,6.157599687576293945e-01,-2.255126237869262695e-01,1.084685921669006348e-01,-2.128948420286178589e-01,-2.751536667346954346e-01,-5.811595320701599121e-01,-2.427135109901428223e-01,-2.213598191738128662e-01,-3.287761211395263672e-01,-3.438788652420043945e-01,-2.127576619386672974e-01,2.205546796321868896e-01,5.124187469482421875e-01,-5.367847681045532227e-01,7.147205471992492676e-01,6.872368454933166504e-01,-4.611729979515075684e-01,3.478384613990783691e-01,5.123839378356933594e-01,1.147519946098327637e+00,-1.573889106512069702e-01,3.154962062835693359e-01,-3.666726946830749512e-01,3.545596599578857422e-01,9.248489737510681152e-01,8.249875903129577637e-01,7.463330626487731934e-01,6.746277809143066406e-01,7.381927371025085449e-01,7.872239947319030762e-01,-9.731882214546203613e-01,-6.501268744468688965e-01,-5.228913426399230957e-01,1.061921119689941406e+00,5.666536092758178711e-01,7.418198585510253906e-01,6.033585667610168457e-01,9.339727759361267090e-01,-2.739745378494262695e-01,-2.621153593063354492e-01,1.910148501396179199e+00,1.958941102027893066e+00,2.046831369400024414e+00,1.973301291465759277e+00,-7.295653820037841797e-01,1.950373291969299316e+00
