-2.869923710823059082e-01,4.290051460266113281e-01,-2.460031807422637939e-01,1.360833942890167236e-01,4.087802171707153320e-01,-3.623606562614440918e-01,-4.529205262660980225e-01,-4.612187445163726807e-01,-8.225728273391723633e-01,-4.010595977306365967e-01,-4.795399010181427002e-01,1.020485639572143555e+00,-3.668692708015441895e-02,-6.738705635070800781e-01,-7.869983911514282227e-01,-3.110555112361907959e-01,-7.024813890457153320e-01,1.256539523601531982e-01,1.214256048202514648e+00,-7.568972706794738770e-01,-2.233327627182006836e-01,-7.134703993797302246e-01,-1.445951163768768311e-01,1.192320704460144043e+00,3.863735496997833252e-01,1.707416176795959473e-01,3.846141993999481201e-01,-3.624450266361236572e-01,-4.305802583694458008e-01,-5.027262493968009949e-02,1.102061629295349121e+00,-6.749004125595092773e-02,-1.702981889247894287e-01,-1.469628810882568359e-01,1.014879465103149414e+00,4.201312661170959473e-01,-1.378582119941711426e-01,-3.640619516372680664e-01,-1.706790924072265625e-01,-3.169594705104827881e-01,-2.883367538452148438e-01,3.779202699661254883e-03,-3.107297718524932861e-01,3.236874341964721680e-01,-3.248423933982849121e-01,-2.904845178127288818e-01,-8.827580213546752930e-01,-8.342888355255126953e-01,-6.233425736427307129e-01,-3.194158077239990234e-01,-1.035213828086853027e+00,-5.566906556487083435e-02,-2.424435168504714966e-01,-3.098500072956085205e-01,-2.942612469196319580e-01,-2.616279423236846924e-01,-1.041349411010742188e+00,-3.130521178245544434e-01,2.740992009639739990e-01,-4.966068863868713379e-01,-3.556050956249237061e-01,-2.616816759109497070e-01,4.499468505382537842e-01,-6.635888814926147461e-01,-7.629908323287963867e-01,-2.659285664558410645e-01,-3.271526098251342773e-01,1.800703406333923340e-01,-5.685265660285949707e-01,-5.201344937086105347e-02,-2.625322341918945312e-01,-2.863891124725341797e-01,6.516177058219909668e-01,-2.063992321491241455e-01,-1.025508642196655273e+00,6.378129124641418457e-03,-1.590255498886108398e-01,6.748821139335632324e-01,-3.264247775077819824e-01,-2.929255962371826172e-01,-2.697149813175201416e-01,8.940088003873825073e-02,-4.034661948680877686e-01,3.205335736274719238e-01,-2.875687181949615479e-01,-6.789193153381347656e-01,-2.780266404151916504e-01,-3.574787676334381104e-01,-3.447429537773132324e-01,-2.496821433305740356e-01,-7.123959064483642578e-02,-6.632402539253234863e-01,-2.352994680404663086e-01,-3.276645541191101074e-01,-2.954937517642974854e-01,-3.242854177951812744e-01,-2.845371961593627930e-01,-2.241885513067245483e-01,-3.262605965137481689e-01,-2.912540733814239502e-01,-3.690806031227111816e-01,-3.169490993022918701e-01,-2.918606996536254883e-01,-1.968608498573303223e-01,-3.631341457366943359e-01
-3.141184449195861816e-01,3.575040400028228760e-02,-1.984861195087432861e-01,5.155934095382690430e-01,2.596640214323997498e-02,-9.813420474529266357e-04,-4.533260464668273926e-01,-4.856117665767669678e-01,-6.230731606483459473e-01,-3.989664316177368164e-01,-4.858408272266387939e-01,1.066055893898010254e+00,-3.793530166149139404e-02,-5.491816997528076172e-01,-6.697329282760620117e-01,-2.907136678695678711e-01,-6.589952111244201660e-01,5.041723847389221191e-01,1.298054695129394531e+00,-6.916532516479492188e-01,-2.251906394958496094e-01,-6.462033390998840332e-01,-1.257508248090744019e-01,1.313008666038513184e+00,3.982656896114349365e-01,2.349922657012939453e-01,2.035735696554183960e-01,-3.462707996368408203e-01,-4.255546629428863525e-01,-4.242943599820137024e-02,1.289419651031494141e+00,-4.495893716812133789e-01,-1.552931964397430420e-01,-1.447687596082687378e-01,1.130900025367736816e+00,4.156507253646850586e-01,-1.482016146183013916e-01,-3.655229806900024414e-01,-1.568474620580673218e-01,-3.331426978111267090e-01,-2.965550422668457031e-01,9.016748517751693726e-03,-3.132894337177276611e-01,3.870415985584259033e-01,-3.287562727928161621e-01,-2.868821620941162109e-01,-8.516355752944946289e-01,-3.889656364917755127e-01,-6.386673450469970703e-01,-3.194079995155334473e-01,-8.319382667541503906e-01,-6.121917068958282471e-02,-2.617245614528656006e-01,-3.127494156360626221e-01,-2.898742854595184326e-01,-2.678723931312561035e-01,-8.244602680206298828e-01,-3.131203055381774902e-01,-1.190265268087387085e-01,-4.453328549861907959e-01,-3.554930388927459717e-01,-2.680162787437438965e-01,-2.674576640129089355e-02,-6.351919174194335938e-01,-8.238257765769958496e-01,-2.844662666320800781e-01,-3.313638567924499512e-01,5.226045846939086914e-01,-5.875816941261291504e-01,-6.582285165786743164e-01,-2.635702490806579590e-01,-2.802403569221496582e-01,6.287271976470947266e-01,-2.007648795843124390e-01,-8.271212577819824219e-01,-1.252453029155731201e-01,-1.466071903705596924e-01,6.600905656814575195e-01,-3.245939612388610840e-01,-3.032571077346801758e-01,-3.810166418552398682e-01,-9.366277605295181274e-02,-1.085817962884902954e-01,3.412723541259765625e-01,-2.925115525722503662e-01,-6.843941807746887207e-01,-2.958839237689971924e-01,-1.247674897313117981e-01,-3.441900312900543213e-01,-2.518875598907470703e-01,-7.062266021966934204e-02,-6.920152306556701660e-01,-2.253200411796569824e-01,-3.377529382705688477e-01,-2.897613048553466797e-01,-3.217112421989440918e-01,7.406926155090332031e-02,-2.265729606151580811e-01,-3.349940478801727295e-01,-2.971394360065460205e-01,-3.492131829261779785e-01,-3.177029192447662354e-01,-5.950960516929626465e-02,-1.891924887895584106e-01,-3.468657732009887695e-01
-3.060823976993560791e-01,-6.512319445610046387e-01,-2.154839634895324707e-01,1.113891839981079102e+00,-6.247033476829528809e-01,6.774258017539978027e-01,-4.730738699436187744e-01,-4.388773739337921143e-01,-2.238618880510330200e-01,-3.847857117652893066e-01,-4.827557206153869629e-01,1.089345097541809082e+00,-3.997484222054481506e-02,-5.653783082962036133e-01,-6.865570545196533203e-01,-2.829241156578063965e-01,-6.448130607604980469e-01,1.123184084892272949e+00,1.363523721694946289e+00,-7.024898529052734375e-01,-1.987130939960479736e-01,-6.358760595321655273e-01,-1.287529170513153076e-01,1.361254930496215820e+00,4.013259708881378174e-01,2.528173327445983887e-01,-8.055305480957031250e-02,-3.227303624153137207e-01,-3.802822232246398926e-01,-4.691255837678909302e-02,1.454406023025512695e+00,-1.047321200370788574e+00,-1.603698730468750000e-01,-1.492144018411636353e-01,1.166629910469055176e+00,4.131434559822082520e-01,-1.440812349319458008e-01,-3.348804116249084473e-01,-1.618963181972503662e-01,-3.055912852287292480e-01,-2.721393704414367676e-01,7.635384798049926758e-03,-2.912541031837463379e-01,2.948873043060302734e-01,-3.062675297260284424e-01,-2.758724689483642578e-01,-7.935435175895690918e-01,8.948875665664672852e-01,-6.327387690544128418e-01,-3.179462552070617676e-01,3.118219077587127686e-01,-5.845964327454566956e-02,-3.087718188762664795e-01,-3.183404803276062012e-01,-2.956719994544982910e-01,-2.254736125469207764e-01,3.010903596878051758e-01,-3.202290236949920654e-01,-5.240486264228820801e-01,-4.225411117076873779e-01,-3.250938951969146729e-01,-2.475908100605010986e-01,-5.005273818969726562e-01,-5.025860071182250977e-01,-6.799713969230651855e-01,-2.755115032196044922e-01,-3.343146741390228271e-01,7.298079133033752441e-01,-5.814476013183593750e-01,-6.963660717010498047e-01,-2.680543661117553711e-01,-2.837871909141540527e-01,1.729202717542648315e-01,-2.066838145256042480e-01,3.043730258941650391e-01,3.106740713119506836e-01,-1.521116197109222412e-01,2.237555086612701416e-01,-3.285698294639587402e-01,-2.905991375446319580e-01,-4.762701988220214844e-01,-6.692467257380485535e-03,-3.327383100986480713e-01,3.321233391761779785e-01,-2.941504418849945068e-01,-6.927933692932128906e-01,-2.912478744983673096e-01,7.183791697025299072e-02,-3.171941041946411133e-01,-2.507614493370056152e-01,-6.573583185672760010e-02,-6.905835270881652832e-01,-1.696935147047042847e-01,-3.320133090019226074e-01,-2.924646139144897461e-01,-3.249219954013824463e-01,6.301314830780029297e-01,-2.191301882266998291e-01,-3.279827833175659180e-01,-2.917497754096984863e-01,-3.655704557895660400e-01,-3.147658109664916992e-01,-2.854043543338775635e-01,-1.928229779005050659e-01,-2.520144283771514893e-01
-2.770524322986602783e-01,5.704814791679382324e-01,-5.601579546928405762e-01,-6.681690216064453125e-01,5.665977001190185547e-01,-5.417272448539733887e-01,3.664159178733825684e-01,-2.058548927307128906e-01,-1.303008049726486206e-01,-3.334846496582031250e-01,9.659318625926971436e-02,8.757179975509643555e-01,-3.106449171900749207e-02,-8.535180091857910156e-01,-1.353215336799621582e+00,-3.228185474872589111e-01,-1.098047137260437012e+00,-6.644828319549560547e-01,1.162772178649902344e+00,-1.091334342956542969e+00,-1.250008046627044678e-01,-1.115028023719787598e+00,-1.578724831342697144e-01,1.157708883285522461e+00,3.156315088272094727e-01,8.662576973438262939e-02,4.764465093612670898e-01,-2.363160252571105957e-01,-3.081682622432708740e-01,-4.454243928194046021e-02,2.130975484848022461e+00,7.073344588279724121e-01,-1.718177795410156250e-01,-1.444090157747268677e-01,9.704825282096862793e-01,4.774142801761627197e-01,-6.682849675416946411e-02,-2.955223321914672852e-01,-7.747667282819747925e-02,-1.408951729536056519e-01,-1.444667428731918335e-01,-1.206479966640472412e-03,-1.565007269382476807e-01,3.008868694305419922e-01,-1.473562121391296387e-01,-1.423401683568954468e-01,-8.766106963157653809e-01,-7.779624462127685547e-01,-6.248051524162292480e-01,-3.007064163684844971e-01,6.350492686033248901e-02,-4.529914259910583496e-02,9.669496417045593262e-01,4.410410672426223755e-02,-2.736114859580993652e-01,1.730047911405563354e-02,5.764095485210418701e-02,-2.424307614564895630e-01,8.008234500885009766e-01,-8.537747263908386230e-01,-2.171219140291213989e-01,-2.464141547679901123e-01,1.061845421791076660e+00,-5.976772308349609375e-01,6.370157003402709961e-01,-2.557675540447235107e-01,-3.158404529094696045e-01,-2.953461110591888428e-01,-5.637314319610595703e-01,1.727714300155639648e+00,-2.587142884731292725e-01,-2.796823382377624512e-01,-2.609340548515319824e-01,-2.029820680618286133e-01,6.539117544889450073e-02,-6.516665816307067871e-01,-1.611607223749160767e-01,-1.920261979103088379e-01,-3.792957067489624023e-01,-2.844631373882293701e-01,-2.536472976207733154e-01,-2.178535461425781250e-01,5.264974117279052734e+00,3.320686817169189453e-01,-2.785443067550659180e-01,-6.468540430068969727e-01,-2.823892831802368164e-01,-1.175505444407463074e-01,-3.497925102710723877e-01,-2.471215873956680298e-01,-6.752449274063110352e-02,-6.610507369041442871e-01,-6.793950498104095459e-02,-2.313084751367568970e-01,-2.891744971275329590e-01,-3.074818551540374756e-01,3.954801708459854126e-02,-2.072522640228271484e-01,-3.156999647617340088e-01,-2.935673892498016357e-01,-5.093658715486526489e-02,-3.105866611003875732e-01,4.600028038024902344e+00,-1.966920197010040283e-01,-1.472663581371307373e-01
-2.568354308605194092e-01,5.876083970069885254e-01,-5.703265070915222168e-01,-6.567155122756958008e-01,5.883575081825256348e-01,-5.584137439727783203e-01,2.771376669406890869e-01,-2.261793911457061768e-01,-1.682413071393966675e-01,-3.418668210506439209e-01,2.004617452621459961e-02,8.908085227012634277e-01,-3.450902923941612244e-02,-9.064854383468627930e-01,-1.331460356712341309e+00,-3.273214399814605713e-01,-1.090366244316101074e+00,-6.585592031478881836e-01,1.149609923362731934e+00,-1.082423090934753418e+00,-1.191520541906356812e-01,-1.103587508201599121e+00,-1.557503938674926758e-01,1.144464015960693359e+00,3.222635388374328613e-01,8.502732217311859131e-02,4.454579651355743408e-01,-2.371313422918319702e-01,-3.086207807064056396e-01,-3.269169852137565613e-02,2.004212617874145508e+00,7.010750174522399902e-01,-1.713174283504486084e-01,-1.468903720378875732e-01,9.685109257698059082e-01,4.623548090457916260e-01,-7.140880078077316284e-02,-2.912473678588867188e-01,-8.505520969629287720e-02,-1.574455201625823975e-01,-1.614291518926620483e-01,-8.663132786750793457e-03,-1.676117330789566040e-01,2.987340092658996582e-01,-1.631496399641036987e-01,-1.542221009731292725e-01,-8.706272244453430176e-01,-7.718846797943115234e-01,-6.297529935836791992e-01,-2.994676232337951660e-01,5.241487547755241394e-02,-4.336947575211524963e-02,8.411514759063720703e-01,5.187939852476119995e-03,-2.713682353496551514e-01,5.811708047986030579e-03,4.407311230897903442e-02,-2.483960241079330444e-01,8.072732090950012207e-01,-8.264800310134887695e-01,-2.181313335895538330e-01,-2.477239072322845459e-01,1.073573231697082520e+00,-5.950198173522949219e-01,5.633133649826049805e-01,-2.521832585334777832e-01,-3.105523288249969482e-01,-3.275124728679656982e-01,-5.611001253128051758e-01,1.773204445838928223e+00,-2.572141289710998535e-01,-2.725124955177307129e-01,-2.221553176641464233e-01,-1.943455636501312256e-01,4.683817178010940552e-02,-4.508205652236938477e-01,-1.536168158054351807e-01,-1.630517095327377319e-01,-3.716818690299987793e-01,-2.823200821876525879e-01,-2.542063295841217041e-01,-1.563048064708709717e-01,4.598684787750244141e+00,3.352791070938110352e-01,-2.815229296684265137e-01,-6.396744251251220703e-01,-2.773210704326629639e-01,-1.074220910668373108e-01,-3.563462197780609131e-01,-2.478265613317489624e-01,-7.061250507831573486e-02,-6.527699232101440430e-01,-8.530955016613006592e-02,-2.386978417634963989e-01,-2.847600281238555908e-01,-3.074610829353332520e-01,8.833743631839752197e-02,-2.098730653524398804e-01,-3.077882528305053711e-01,-2.918544113636016846e-01,-7.919716089963912964e-02,-3.153471946716308594e-01,4.035963058471679688e+00,-1.978904902935028076e-01,-1.700787097215652466e-01
-1.851951926946640015e-01,6.216430664062500000e-01,-5.561052560806274414e-01,-4.392771422863006592e-01,6.561020016670227051e-01,-6.180412769317626953e-01,-4.125217199325561523e-01,-4.147988855838775635e-01,-5.721817612648010254e-01,-3.981905281543731689e-01,-4.859606921672821045e-01,1.031442761421203613e+00,-3.981904685497283936e-02,-1.232880473136901855e+00,-1.184703588485717773e+00,-3.012128174304962158e-01,-1.008312225341796875e+00,-4.331367313861846924e-01,1.210731625556945801e+00,-1.028144121170043945e+00,-1.614394932985305786e-01,-1.002753734588623047e+00,-1.393810659646987915e-01,1.220742225646972656e+00,4.284249544143676758e-01,1.249048262834548950e-01,2.688048779964447021e-01,-2.853004932403564453e-01,-3.298575878143310547e-01,-4.903743416070938110e-02,1.314216256141662598e+00,4.715791344642639160e-01,-1.634512543678283691e-01,-1.430488377809524536e-01,1.021368145942687988e+00,4.378385245800018311e-01,-1.425786614418029785e-01,-3.159600496292114258e-01,-1.597894430160522461e-01,-2.932335734367370605e-01,-2.808293104171752930e-01,1.088096946477890015e-02,-2.928158044815063477e-01,2.881880104541778564e-01,-2.928810417652130127e-01,-2.798455655574798584e-01,-8.779819011688232422e-01,-7.778818011283874512e-01,-6.337829828262329102e-01,-3.149669468402862549e-01,-1.796711236238479614e-01,-5.197044089436531067e-02,-7.814359664916992188e-02,-3.147627413272857666e-01,-2.907744348049163818e-01,-1.032764613628387451e-01,-1.782737076282501221e-01,-3.145136833190917969e-01,7.936567664146423340e-01,-6.414701938629150391e-01,-2.776549458503723145e-01,-2.450410723686218262e-01,1.047053337097167969e+00,-6.359876394271850586e-01,-1.345061138272285461e-02,-2.822767794132232666e-01,-3.329625427722930908e-01,-4.381726384162902832e-01,-5.803237557411193848e-01,1.743083953857421875e+00,-2.623247504234313965e-01,-2.866334319114685059e-01,8.018966019153594971e-02,-2.076463550329208374e-01,-1.819916963577270508e-01,8.469129800796508789e-01,-1.510301828384399414e-01,1.372167468070983887e-01,-3.480340242385864258e-01,-2.975479364395141602e-01,-2.552469670772552490e-01,2.376743555068969727e-01,-2.617020308971405029e-01,3.363559246063232422e-01,-2.923295795917510986e-01,-6.742703914642333984e-01,-2.895850539207458496e-01,-6.005384027957916260e-02,-3.456770181655883789e-01,-2.520598173141479492e-01,-6.642127037048339844e-02,-6.741496920585632324e-01,-1.966845542192459106e-01,-3.383551239967346191e-01,-2.936984598636627197e-01,-3.230140507221221924e-01,4.327907562255859375e-01,-2.258800417184829712e-01,-3.383212089538574219e-01,-3.002700209617614746e-01,-3.551882505416870117e-01,-3.136055469512939453e-01,-9.536137431859970093e-02,-1.898017227649688721e-01,-3.020894527435302734e-01
-2.524975240230560303e-01,4.982376098632812500e-01,-5.619066953659057617e-01,-2.517228126525878906e-01,5.594345927238464355e-01,-4.763090312480926514e-01,-4.258723855018615723e-01,-4.766978323459625244e-01,-5.320466756820678711e-01,-4.194092452526092529e-01,-4.937717318534851074e-01,1.058684349060058594e+00,-5.197927728295326233e-02,-4.877010881900787354e-01,-6.548112630844116211e-01,-2.788345813751220703e-01,-6.178356409072875977e-01,-2.337380051612854004e-01,1.300548672676086426e+00,-7.011926770210266113e-01,-2.468205392360687256e-01,-6.181182265281677246e-01,-1.354705691337585449e-01,1.307970523834228516e+00,5.012495517730712891e-01,2.514614164829254150e-01,-6.138635054230690002e-02,-3.900054097175598145e-01,-4.491988420486450195e-01,-4.407712072134017944e-02,1.377247691154479980e+00,2.770699858665466309e-01,-1.816093027591705322e-01,-1.617273539304733276e-01,1.147070527076721191e+00,4.093315005302429199e-01,-1.524137854576110840e-01,-3.854469060897827148e-01,-1.739566475152969360e-01,-3.391081094741821289e-01,-3.030507862567901611e-01,1.371023058891296387e-02,-3.420042991638183594e-01,3.004815578460693359e-01,-3.494929969310760498e-01,-3.029772639274597168e-01,-7.348487973213195801e-01,2.532053232192993164e+00,-6.472823619842529297e-01,-3.036854267120361328e-01,1.705367326736450195e+00,-5.780667439103126526e-02,-2.608540356159210205e-01,-3.149924576282501221e-01,-2.929831743240356445e-01,-2.909098565578460693e-01,1.677232265472412109e+00,-3.206180036067962646e-01,-5.332600474357604980e-01,-3.967896401882171631e-01,-3.652378916740417480e-01,-2.682122588157653809e-01,-4.935056567192077637e-01,-2.673433423042297363e-01,-6.328749060630798340e-01,-3.029827773571014404e-01,-3.326421976089477539e-01,7.510452270507812500e-01,-5.710894465446472168e-01,-3.201127350330352783e-01,-2.769946455955505371e-01,-3.037983775138854980e-01,-5.079546570777893066e-01,-2.137175351381301880e-01,1.677496910095214844e+00,2.283822000026702881e-02,-1.549831926822662354e-01,-4.292347133159637451e-01,-3.389300107955932617e-01,-2.894593775272369385e-01,-4.297571778297424316e-01,-2.386877834796905518e-01,-1.352439820766448975e-01,3.428353071212768555e-01,-2.931844890117645264e-01,-6.867594718933105469e-01,-2.892609834671020508e-01,-3.832838237285614014e-01,-2.958994209766387939e-01,-2.427336722612380981e-01,-6.553225964307785034e-02,-6.981602311134338379e-01,-2.135942876338958740e-01,-3.442345261573791504e-01,-3.050177097320556641e-01,-3.187053799629211426e-01,-5.343237519264221191e-01,-2.217780053615570068e-01,-3.457389771938323975e-01,-3.249134719371795654e-01,-3.597547411918640137e-01,-3.189139962196350098e-01,-1.467506587505340576e-01,-2.021087557077407837e-01,-3.829856216907501221e-01
-3.171266317367553711e-01,-5.244950056076049805e-01,2.229837179183959961e-01,1.060920238494873047e+00,-5.414749979972839355e-01,5.627263188362121582e-01,-1.912440061569213867e-01,-4.325903058052062988e-01,-3.531770110130310059e-01,-3.747915029525756836e-01,-2.873045802116394043e-01,1.088142991065979004e+00,-4.513671621680259705e-02,-5.259290933609008789e-01,-6.018304228782653809e-01,-2.708501815795898438e-01,-5.996911525726318359e-01,1.032986164093017578e+00,1.350982666015625000e+00,-6.570273637771606445e-01,-2.084807455539703369e-01,-6.140444874763488770e-01,-1.143635511398315430e-01,1.382774829864501953e+00,-2.950919866561889648e-01,2.606011629104614258e-01,-7.641397416591644287e-03,-3.147568106651306152e-01,-3.682164549827575684e-01,-3.840720653533935547e-02,1.408713936805725098e+00,-1.100136399269104004e+00,-1.591373085975646973e-01,-1.473363935947418213e-01,1.181589722633361816e+00,4.260459840297698975e-01,-1.435866653919219971e-01,-3.476125001907348633e-01,-1.684022843837738037e-01,-3.147265911102294922e-01,-2.805304527282714844e-01,4.536129534244537354e-03,-2.998552322387695312e-01,4.026507735252380371e-01,-3.032110631465911865e-01,-2.792571187019348145e-01,-7.788653969764709473e-01,1.256259232759475708e-01,-6.330152153968811035e-01,-3.325380384922027588e-01,-3.761905729770660400e-01,-6.144377589225769043e-02,-3.037109076976776123e-01,-3.319205641746520996e-01,-2.782789468765258789e-01,-1.809835582971572876e-01,-3.400740027427673340e-01,-3.060394525527954102e-01,-4.040963649749755859e-01,-3.694849312305450439e-01,-2.557351589202880859e-01,-1.363206505775451660e-01,-3.345042765140533447e-01,-5.719770789146423340e-01,-7.220131158828735352e-01,-2.525225877761840820e-01,-3.324837684631347656e-01,6.663696169853210449e-01,-5.747387409210205078e-01,-7.443470358848571777e-01,-2.480473220348358154e-01,-2.783423662185668945e-01,4.869229793548583984e-01,-2.082969844341278076e-01,-3.349021673202514648e-01,-7.685055956244468689e-03,-1.485316455364227295e-01,5.103437900543212891e-01,-3.190622329711914062e-01,-2.934074997901916504e-01,-4.621328711509704590e-01,1.849169611930847168e+00,-2.916350364685058594e-01,3.112371563911437988e-01,-2.625115811824798584e-01,-6.789000034332275391e-01,-2.964597344398498535e-01,-3.652022406458854675e-02,-3.084975481033325195e-01,-2.386864274740219116e-01,-5.825302377343177795e-02,-6.814300417900085449e-01,-1.270301081240177155e-02,-3.184055984020233154e-01,-2.777422666549682617e-01,-3.129819929599761963e-01,1.940746605396270752e-01,-1.933164596557617188e-01,-3.176080584526062012e-01,-2.701465487480163574e-01,-3.407219648361206055e-01,-2.957896888256072998e-01,-1.530617624521255493e-01,-1.843962967395782471e-01,-7.933809608221054077e-02
-3.186990320682525635e-01,-4.988387823104858398e-01,2.418388426303863525e-01,1.033579707145690918e+00,-5.154608488082885742e-01,5.382906794548034668e-01,-1.730856299400329590e-01,-4.368351995944976807e-01,-3.660490214824676514e-01,-3.752004504203796387e-01,-2.724826335906982422e-01,1.090051889419555664e+00,-4.487965255975723267e-02,-5.229531526565551758e-01,-5.948933959007263184e-01,-2.695774435997009277e-01,-5.990764498710632324e-01,1.003954648971557617e+00,1.354365825653076172e+00,-6.535325050354003906e-01,-2.112255990505218506e-01,-6.138178706169128418e-01,-1.164765208959579468e-01,1.387256503105163574e+00,-3.324298560619354248e-01,2.637462615966796875e-01,-5.109479650855064392e-03,-3.170496821403503418e-01,-3.674637079238891602e-01,-3.924043849110603333e-02,1.410072207450866699e+00,-1.076762437820434570e+00,-1.605226099491119385e-01,-1.494889259338378906e-01,1.186287522315979004e+00,4.257935285568237305e-01,-1.448124945163726807e-01,-3.494095802307128906e-01,-1.686136573553085327e-01,-3.166539967060089111e-01,-2.810389995574951172e-01,5.315452814102172852e-03,-3.011716306209564209e-01,4.121804237365722656e-01,-3.052956163883209229e-01,-2.823040783405303955e-01,-7.781550884246826172e-01,6.812585890293121338e-02,-6.321275234222412109e-01,-3.330318629741668701e-01,-4.260213673114776611e-01,-6.271799653768539429e-02,-3.042495846748352051e-01,-3.327181041240692139e-01,-2.762713730335235596e-01,-1.813875734806060791e-01,-3.894410431385040283e-01,-3.055616021156311035e-01,-3.969236612319946289e-01,-3.674371242523193359e-01,-2.541927397251129150e-01,-1.309980601072311401e-01,-3.245217800140380859e-01,-5.782622098922729492e-01,-7.270389199256896973e-01,-2.520958483219146729e-01,-3.312298059463500977e-01,6.683542728424072266e-01,-5.755838751792907715e-01,-7.520235180854797363e-01,-2.470801174640655518e-01,-2.780341506004333496e-01,5.087852478027343750e-01,-2.099913060665130615e-01,-3.817265927791595459e-01,-3.170814365148544312e-02,-1.486275792121887207e-01,5.335757136344909668e-01,-3.183363676071166992e-01,-2.930593192577362061e-01,-4.611574709415435791e-01,1.936122655868530273e+00,-2.912710309028625488e-01,3.104181885719299316e-01,-2.605588734149932861e-01,-6.792351007461547852e-01,-2.973295152187347412e-01,-3.591464087367057800e-02,-3.073868453502655029e-01,-2.383924275636672974e-01,-5.682476609945297241e-02,-6.815823912620544434e-01,-1.382165774703025818e-02,-3.173934817314147949e-01,-2.769604623317718506e-01,-3.115594983100891113e-01,1.837572604417800903e-01,-1.920845061540603638e-01,-3.185059130191802979e-01,-2.698064148426055908e-01,-3.397210836410522461e-01,-2.938630282878875732e-01,-1.509980112314224243e-01,-1.852918714284896851e-01,-8.376582711935043335e-02
-2.366956472396850586e-01,6.003241539001464844e-01,-5.791946053504943848e-01,-6.215448975563049316e-01,6.091850399971008301e-01,-5.772925019264221191e-01,1.093448624014854431e-01,-2.730213999748229980e-01,-2.556568980216979980e-01,-3.574354946613311768e-01,-1.061885356903076172e-01,9.277448654174804688e-01,-3.794034197926521301e-02,-1.008235096931457520e+00,-1.312080979347229004e+00,-3.195713460445404053e-01,-1.083532571792602539e+00,-6.203063130378723145e-01,1.163662433624267578e+00,-1.077843785285949707e+00,-1.257467120885848999e-01,-1.090100884437561035e+00,-1.504356563091278076e-01,1.164439201354980469e+00,3.484751284122467041e-01,9.226033836603164673e-02,3.978264927864074707e-01,-2.451849877834320068e-01,-3.117645084857940674e-01,-3.290831670165061951e-02,1.843261718750000000e+00,6.618150472640991211e-01,-1.719532012939453125e-01,-1.471458226442337036e-01,9.841166138648986816e-01,4.539023637771606445e-01,-8.916696161031723022e-02,-2.961544692516326904e-01,-1.020731255412101746e-01,-1.899563074111938477e-01,-1.915868818759918213e-01,-4.781328141689300537e-03,-1.974285691976547241e-01,2.974609732627868652e-01,-1.948597878217697144e-01,-1.828781217336654663e-01,-8.717706203460693359e-01,-7.723300457000732422e-01,-6.314279437065124512e-01,-3.014073073863983154e-01,2.653465792536735535e-02,-4.650040343403816223e-02,6.181134581565856934e-01,-7.629400491714477539e-02,-2.744971811771392822e-01,-1.771452277898788452e-02,2.203034609556198120e-02,-2.646473348140716553e-01,8.220127224922180176e-01,-7.878541946411132812e-01,-2.299659103155136108e-01,-2.465596199035644531e-01,1.090972185134887695e+00,-6.051511764526367188e-01,4.532590508460998535e-01,-2.606970667839050293e-01,-3.134292960166931152e-01,-3.764715790748596191e-01,-5.695445537567138672e-01,1.828895568847656250e+00,-2.595822513103485107e-01,-2.763791680335998535e-01,-1.657541990280151367e-01,-1.958080828189849854e-01,2.111025899648666382e-02,-1.019454374909400940e-01,-1.531342566013336182e-01,-1.090544983744621277e-01,-3.650101423263549805e-01,-2.891292273998260498e-01,-2.559408247470855713e-01,-5.021493881940841675e-02,3.417695999145507812e+00,3.380328416824340820e-01,-2.856259346008300781e-01,-6.462193131446838379e-01,-2.818990349769592285e-01,-8.319630473852157593e-02,-3.566034138202667236e-01,-2.488940209150314331e-01,-7.156042754650115967e-02,-6.579340100288391113e-01,-1.118852645158767700e-01,-2.624410390853881836e-01,-2.879838943481445312e-01,-3.097945749759674072e-01,2.001739144325256348e-01,-2.142907977104187012e-01,-3.137869536876678467e-01,-2.939723730087280273e-01,-1.449597924947738647e-01,-3.155584931373596191e-01,3.039794683456420898e+00,-1.988296955823898315e-01,-2.017182260751724243e-01
-3.199378848075866699e-01,-1.431856870651245117e+00,-2.010016739368438721e-01,3.076390326023101807e-01,-1.406500220298767090e+00,1.471411466598510742e+00,-4.430185854434967041e-01,-3.397190868854522705e-01,2.274472713470458984e+00,-4.135938584804534912e-01,-3.224174976348876953e-01,1.060285449028015137e+00,-5.057467892765998840e-02,-4.679715931415557861e-01,-6.668530106544494629e-01,-2.576857507228851318e-01,-6.287753582000732422e-01,3.361252248287200928e-01,1.327502608299255371e+00,-7.032002210617065430e-01,-2.272554636001586914e-01,-6.248843669891357422e-01,-1.459335386753082275e-01,1.344312787055969238e+00,4.199867844581604004e-01,2.619319558143615723e-01,-2.060619927942752838e-02,-3.538971245288848877e-01,-4.176081120967864990e-01,-3.915223851799964905e-02,1.537119865417480469e+00,-2.775360941886901855e-01,-1.941740512847900391e-01,-1.608641445636749268e-01,1.149987578392028809e+00,4.028828740119934082e-01,-1.450226008892059326e-01,-3.700281381607055664e-01,-1.771560907363891602e-01,-3.304023146629333496e-01,-2.970508038997650146e-01,-2.999380230903625488e-04,-3.354074656963348389e-01,2.992242872714996338e-01,-3.422192037105560303e-01,-2.915937006473541260e-01,-7.228465080261230469e-01,2.958998441696166992e+00,-6.433444023132324219e-01,-2.906405925750732422e-01,2.196101903915405273e+00,-5.536393821239471436e-02,-2.429197281599044800e-01,-3.066072463989257812e-01,-2.846968770027160645e-01,-2.519408464431762695e-01,2.174793004989624023e+00,-3.322775959968566895e-01,-4.913830757141113281e-01,-4.041673839092254639e-01,-3.355183601379394531e-01,-2.407358884811401367e-01,-4.827446043491363525e-01,-1.912545263767242432e-01,-3.611063957214355469e-01,-3.000305891036987305e-01,-3.310536444187164307e-01,7.387740015983581543e-01,-5.706205964088439941e-01,-3.106767237186431885e-01,-2.786915600299835205e-01,-3.018356561660766602e-01,-7.897315025329589844e-01,-2.054289877414703369e-01,2.192171096801757812e+00,3.902277350425720215e-02,-1.568974107503890991e-01,-6.917196512222290039e-01,-3.310632109642028809e-01,-2.949019670486450195e-01,-4.140850901603698730e-01,-2.499927580356597900e-01,-9.907957911491394043e-02,3.475908637046813965e-01,-2.912641465663909912e-01,-6.904112696647644043e-01,-2.836861610412597656e-01,2.169762849807739258e-01,-2.710156440734863281e-01,-2.353671044111251831e-01,-6.147257983684539795e-02,-6.979839801788330078e-01,1.934033632278442383e-02,-3.460594117641448975e-01,-2.989220321178436279e-01,-3.212673962116241455e-01,6.887834072113037109e-01,-2.272792607545852661e-01,-3.526482880115509033e-01,-3.320935666561126709e-01,-3.713029026985168457e-01,-3.223224580287933350e-01,-5.812592059373855591e-02,-1.902952194213867188e-01,2.336221933364868164e-02
-3.112978637218475342e-01,-6.903548240661621094e-01,9.160978347063064575e-02,1.246604561805725098e+00,-7.075027823448181152e-01,7.371693849563598633e-01,-3.239611685276031494e-01,-4.118121862411499023e-01,-2.626478970050811768e-01,-3.726552426815032959e-01,-3.881305456161499023e-01,1.080801129341125488e+00,-4.101425409317016602e-02,-5.508083105087280273e-01,-6.506715416908264160e-01,-2.774250805377960205e-01,-6.167926788330078125e-01,1.239942312240600586e+00,1.336953163146972656e+00,-6.814617514610290527e-01,-1.972182691097259521e-01,-6.189088821411132812e-01,-1.117852851748466492e-01,1.351327538490295410e+00,-2.186189591884613037e-02,2.485773712396621704e-01,-2.915230765938758850e-02,-3.064997196197509766e-01,-3.683699667453765869e-01,-4.251742362976074219e-02,1.395004510879516602e+00,-1.252003908157348633e+00,-1.508376598358154297e-01,-1.413220912218093872e-01,1.152607917785644531e+00,4.216085374355316162e-01,-1.424227952957153320e-01,-3.350425958633422852e-01,-1.587397158145904541e-01,-3.048467636108398438e-01,-2.719281911849975586e-01,8.888527750968933105e-03,-2.905364632606506348e-01,3.366461694240570068e-01,-2.960618138313293457e-01,-2.689131796360015869e-01,-7.882475852966308594e-01,5.476375222206115723e-01,-6.422919034957885742e-01,-3.308022320270538330e-01,-6.981397978961467743e-03,-5.948747321963310242e-02,-3.060047328472137451e-01,-3.231422305107116699e-01,-2.881247699260711670e-01,-1.883489191532135010e-01,2.486395835876464844e-02,-3.091410398483276367e-01,-4.521249532699584961e-01,-3.967230319976806641e-01,-2.772070169448852539e-01,-1.802993267774581909e-01,-4.121344387531280518e-01,-5.328897833824157715e-01,-6.964016556739807129e-01,-2.684731185436248779e-01,-3.319728970527648926e-01,6.605657339096069336e-01,-5.766626000404357910e-01,-6.837953925132751465e-01,-2.581062912940979004e-01,-2.794525027275085449e-01,3.218396008014678955e-01,-2.062000334262847900e-01,8.007116615772247314e-03,1.641509383916854858e-01,-1.505324840545654297e-01,3.363819420337677002e-01,-3.224523663520812988e-01,-2.962045669555664062e-01,-4.598390161991119385e-01,1.214562892913818359e+00,-3.052470088005065918e-01,3.197869658470153809e-01,-2.753811776638031006e-01,-6.787008047103881836e-01,-2.843675017356872559e-01,-3.996798023581504822e-02,-3.208205103874206543e-01,-2.418597191572189331e-01,-6.217295303940773010e-02,-6.869115829467773438e-01,-1.841168850660324097e-03,-3.258261978626251221e-01,-2.830654084682464600e-01,-3.161610066890716553e-01,2.836009860038757324e-01,-2.052551805973052979e-01,-3.205648958683013916e-01,-2.817234694957733154e-01,-3.506303131580352783e-01,-3.102822005748748779e-01,-1.890503317117691040e-01,-1.891574412584304810e-01,-5.307134985923767090e-02
-3.095965385437011719e-01,-8.181925415992736816e-01,-1.001304909586906433e-01,1.355058550834655762e+00,-8.239980936050415039e-01,8.689889907836914062e-01,-4.619610905647277832e-01,-3.924778103828430176e-01,-1.555758118629455566e-01,-3.755477964878082275e-01,-4.757600426673889160e-01,1.076740741729736328e+00,-3.925456851720809937e-02,-5.893582105636596680e-01,-7.110613584518432617e-01,-2.957760989665985107e-01,-6.398670077323913574e-01,1.368474960327148438e+00,1.330755591392517090e+00,-7.074278593063354492e-01,-1.893488764762878418e-01,-6.248459219932556152e-01,-1.236090958118438721e-01,1.316369891166687012e+00,2.970816493034362793e-01,2.419172078371047974e-01,-5.581130459904670715e-02,-2.976174056529998779e-01,-3.643985986709594727e-01,-4.757302626967430115e-02,1.383675694465637207e+00,-1.305864930152893066e+00,-1.485045850276947021e-01,-1.437899619340896606e-01,1.129341363906860352e+00,4.114731550216674805e-01,-1.448978781700134277e-01,-3.190214037895202637e-01,-1.509131491184234619e-01,-2.993552088737487793e-01,-2.621328532695770264e-01,1.089179143309593201e-02,-2.857418954372406006e-01,2.614226043224334717e-01,-2.896004915237426758e-01,-2.587941288948059082e-01,-7.966066598892211914e-01,1.006072163581848145e+00,-6.394138336181640625e-01,-3.237677812576293945e-01,3.989382386207580566e-01,-6.037125736474990845e-02,-3.091289699077606201e-01,-3.107504248619079590e-01,-2.984094023704528809e-01,-1.955837756395339966e-01,4.067451655864715576e-01,-3.116298615932464600e-01,-4.948099851608276367e-01,-4.288135766983032227e-01,-3.035934269428253174e-01,-2.278215140104293823e-01,-4.847315549850463867e-01,-4.834831357002258301e-01,-7.021373510360717773e-01,-2.836027443408966064e-01,-3.305221498012542725e-01,6.668830513954162598e-01,-5.877863168716430664e-01,-6.318415403366088867e-01,-2.729261517524719238e-01,-2.804121375083923340e-01,1.328297406435012817e-01,-2.089039683341979980e-01,3.928376436233520508e-01,3.308400213718414307e-01,-1.564770638942718506e-01,1.601798534393310547e-01,-3.246372342109680176e-01,-2.934297621250152588e-01,-4.547412991523742676e-01,4.161070585250854492e-01,-3.507004082202911377e-01,3.302222490310668945e-01,-2.920038104057312012e-01,-6.859962940216064453e-01,-2.847173213958740234e-01,-8.889826014637947083e-03,-3.435818254947662354e-01,-2.479052990674972534e-01,-6.901893019676208496e-02,-6.974477767944335938e-01,-3.959489241242408752e-02,-3.324938416481018066e-01,-2.865313291549682617e-01,-3.227936327457427979e-01,4.452865719795227051e-01,-2.246903330087661743e-01,-3.286170363426208496e-01,-2.907908856868743896e-01,-3.669132888317108154e-01,-3.196259737014770508e-01,-2.653011083602905273e-01,-1.882205158472061157e-01,-8.815440535545349121e-02
